{"type": "FeatureCollection", "features": [{"type": "Feature", "properties": {"name": "Пензенская область"}, "geometry": {"type": "MultiPolygon", "coordinates": [[[[44.4713889, 53.6932904], [44.4727971, 53.6905198], [44.4733877, 53.6861349], [44.4720703, 53.6809424], [44.4737511, 53.6762337], [44.4691175, 53.674942], [44.4646202, 53.679624], [44.463848, 53.6909502], [44.4713889, 53.6932904]]], [[[43.4082471, 53.9845505], [43.3737973, 53.9967276], [43.3147745, 54.0241199], [43.3119674, 54.0240825], [43.3092133, 54.0226391], [43.3055312, 54.0187657], [43.3001014, 54.0178287], [43.2975115, 54.0158517], [43.2962215, 54.0137071], [43.2914867, 54.0107133], [43.2894718, 54.0068437], [43.2884168, 54.003344], [43.2869669, 54.001381], [43.2856569, 53.9990564], [43.284952, 53.9983305], [43.282682, 53.9994032], [43.2801121, 53.9991622], [43.2725414, 53.9973978], [43.2600401, 53.9981633], [43.2503173, 53.9967929], [43.240192, 53.9940667], [43.2360714, 53.9894005], [43.2259071, 53.9899349], [43.2223775, 53.9910311], [43.2158809, 53.9918356], [43.2114569, 53.9898881], [43.2089459, 53.989672], [43.2045307, 53.9909556], [43.2048584, 53.9932727], [43.2003458, 53.9955246], [43.1942034, 53.9942047], [43.1911301, 53.9938715], [43.1600483, 53.9686294], [43.1624699, 53.970634], [43.1617081, 53.9716298], [43.1623927, 53.975026], [43.1271236, 53.959383], [43.1028127, 53.9113271], [43.130183, 53.8955573], [43.1378211, 53.893431], [43.180034, 53.8345376], [43.1372218, 53.8296047], [43.1338348, 53.8323077], [43.1314038, 53.8346619], [43.1297796, 53.8358312], [43.1274586, 53.8373966], [43.126511, 53.8382145], [43.1256266, 53.8396229], [43.1237947, 53.8427983], [43.1224239, 53.8447985], [43.1168596, 53.8468659], [43.1135403, 53.849694], [43.1119439, 53.8519136], [43.1092733, 53.8527671], [43.1068484, 53.8539612], [43.1064373, 53.8558293], [43.1057726, 53.8583012], [43.1068447, 53.8597842], [43.1068044, 53.8635455], [43.1061336, 53.8668864], [43.1070601, 53.8681096], [43.1049858, 53.86985], [43.1042121, 53.8717986], [43.1013994, 53.8726786], [43.0990654, 53.8734004], [43.0930288, 53.8692062], [43.0793873, 53.834286], [43.0500433, 53.8211175], [43.0251602, 53.8274471], [42.9615828, 53.8104817], [42.8575892, 53.8065278], [42.7817433, 53.8161567], [42.7560643, 53.8057949], [42.7530763, 53.7959188], [42.7493068, 53.772417], [42.7026475, 53.7505341], [42.7030743, 53.7514341], [42.7031565, 53.7535988], [42.7040061, 53.7635927], [42.7063568, 53.7662091], [42.7061731, 53.7689765], [42.70855, 53.7709662], [42.708188, 53.7745773], [42.7083407, 53.7775167], [42.7096843, 53.7816134], [42.7124787, 53.7837069], [42.7136202, 53.7857788], [42.7149725, 53.7884854], [42.7162065, 53.7911843], [42.7183636, 53.7937086], [42.7191529, 53.7956114], [42.7208111, 53.7969659], [42.7248655, 53.7988094], [42.7286834, 53.8022212], [42.731952, 53.8071612], [42.7381525, 53.814139], [42.7389632, 53.8157951], [42.738596, 53.8176196], [42.7384434, 53.8208648], [42.7388502, 53.8224606], [42.7294874, 53.8161066], [42.693537, 53.8108364], [42.6916505, 53.8098725], [42.6888171, 53.8084026], [42.6791229, 53.8042468], [42.6582719, 53.8084527], [42.5343075, 53.7651464], [42.5651551, 53.801576], [42.5671313, 53.8044149], [42.5702166, 53.8078085], [42.5694489, 53.8095801], [42.5787787, 53.8357671], [42.564188, 53.8338437], [42.5269086, 53.8104771], [42.4967069, 53.7378674], [42.4455138, 53.769927], [42.4394533, 53.7685945], [42.4330133, 53.7659557], [42.4271379, 53.7656997], [42.4224736, 53.7648982], [42.4129947, 53.7638352], [42.4072373, 53.7653104], [42.4101368, 53.7676441], [42.416102, 53.7691391], [42.4164936, 53.7734953], [42.4179178, 53.7803108], [42.4119821, 53.7823901], [42.4119472, 53.7859921], [42.4137658, 53.7895353], [42.4110085, 53.7915999], [42.4089083, 53.795564], [42.407138, 53.7990445], [42.401323, 53.7990635], [42.3957628, 53.8002199], [42.3900994, 53.8036714], [42.384865, 53.8049483], [42.3791197, 53.8027671], [42.3759654, 53.8006762], [42.3738921, 53.7976219], [42.3695549, 53.7949873], [42.3642361, 53.7953247], [42.3591399, 53.7947813], [42.3589119, 53.7969534], [42.3544782, 53.7974096], [42.3514232, 53.7947544], [42.3461205, 53.7962658], [42.3416734, 53.7953897], [42.3445058, 53.7927628], [42.341845, 53.7901738], [42.3372799, 53.792934], [42.3375106, 53.795979], [42.332809, 53.7983112], [42.3250249, 53.7988101], [42.3109004, 53.7991443], [42.3108011, 53.7939099], [42.3039013, 53.7945337], [42.3355778, 53.8499409], [42.2242212, 53.8346339], [42.1995732, 53.8246317], [42.1376782, 53.7686031], [42.1238078, 53.6178648], [42.14077, 53.4986968], [42.2802683, 53.4553117], [42.2574305, 53.3967392], [42.352726, 53.3384219], [42.5578086, 53.1955987], [42.5937194, 53.1256463], [42.6826827, 53.0793386], [42.6956094, 53.0703848], [42.726503, 53.0425619], [42.7691178, 53.0099017], [42.9110798, 52.9513191], [42.9385575, 52.9401521], [42.9549846, 52.9203804], [43.0603838, 52.8342106], [43.2355462, 52.6331409], [43.0716464, 52.5625492], [43.1063266, 52.5052465], [43.0683192, 52.4258841], [43.1590692, 52.4371879], [43.2164873, 52.4446522], [43.2362382, 52.4350507], [43.2494356, 52.4285933], [43.2613398, 52.4333725], [43.2690714, 52.4359053], [43.3224334, 52.4209926], [43.3643757, 52.3561757], [43.3928154, 52.3785795], [43.4106711, 52.3791364], [43.4284823, 52.3790394], [43.4784357, 52.3784567], [43.5124508, 52.4011487], [43.5402382, 52.3964786], [43.5753412, 52.4026196], [43.5986295, 52.3975251], [43.6361639, 52.3945068], [43.6649682, 52.392592], [43.693367, 52.4060163], [43.7156157, 52.4170346], [43.852551, 52.3829379], [43.9772405, 52.354105], [44.0141901, 52.341887], [44.0886795, 52.3317971], [44.1906747, 52.3388412], [44.3451432, 52.3027908], [44.3577712, 52.3459058], [44.4630199, 52.3945797], [44.5128101, 52.4477481], [44.5082952, 52.4519176], [44.5096833, 52.4905603], [44.6659325, 52.4607639], [44.9818041, 52.3539796], [45.0589181, 52.3060504], [45.0621958, 52.3626194], [45.1745283, 52.4052031], [45.3134176, 52.3962504], [45.4267499, 52.3870025], [45.4469276, 52.413526], [45.5228309, 52.4562281], [45.6000335, 52.454982], [45.6219503, 52.4801545], [45.6784806, 52.472716], [45.7068157, 52.4341153], [45.7857368, 52.424545], [45.8755478, 52.4145142], [46.0134276, 52.4533494], [46.0515737, 52.5242387], [46.0775429, 52.5329393], [46.084817, 52.5439936], [46.0916513, 52.5512421], [46.1024981, 52.54661], [46.1088818, 52.5462903], [46.1164993, 52.52543], [46.1374956, 52.5459804], [46.2086278, 52.6082579], [46.435162, 52.6857954], [46.6112281, 52.6618957], [46.6526828, 52.6619854], [46.8027277, 52.6359876], [46.7988867, 52.6394288], [46.7979397, 52.6451545], [46.7992878, 52.651732], [46.8014964, 52.6574221], [46.805865, 52.6618442], [46.8010766, 52.6679748], [46.9371976, 52.7384859], [46.9813651, 52.8207501], [46.88499, 52.8920787], [46.9256648, 52.9155358], [46.9262317, 52.9662346], [46.9114849, 53.0912385], [46.9735927, 53.119696], [46.8900927, 53.2486293], [46.9348189, 53.2642448], [46.9023341, 53.2776637], [46.7461527, 53.4159705], [46.6687489, 53.4506261], [46.6200538, 53.4675987], [46.4592837, 53.5338881], [46.438391, 53.6489926], [46.3194427, 53.7478925], [46.2357755, 53.7939566], [46.1436079, 53.7995134], [46.1852938, 53.9119988], [46.1219436, 53.9335112], [46.0691372, 53.9666005], [45.9675546, 53.9904065], [45.9373197, 53.9961155], [45.8928691, 53.9953746], [45.8136335, 53.9757159], [45.7712783, 53.9604033], [45.710792, 53.9319598], [45.6742973, 53.9117337], [45.6208353, 53.9202746], [45.5891835, 53.9225463], [45.5301332, 53.9235898], [45.5304858, 53.8914615], [45.4957365, 53.8889824], [45.4714563, 53.9002619], [45.4598733, 53.8990461], [45.3723571, 53.8858482], [45.3632661, 53.8805381], [45.3638594, 53.8769975], [45.367124, 53.8738096], [45.362496, 53.8723431], [45.356834, 53.8700643], [45.3497069, 53.8699172], [45.3436961, 53.8697631], [45.3376078, 53.869456], [45.3328081, 53.8707227], [45.3247365, 53.8707769], [45.3171056, 53.871435], [45.2962449, 53.8914615], [45.1886701, 53.9602153], [45.1838644, 53.9658376], [45.1827999, 53.968526], [45.1799405, 53.970251], [45.1771729, 53.9714409], [45.1280252, 53.9618951], [45.1225017, 53.9554155], [45.069351, 53.9581531], [45.0631768, 53.9577021], [45.0567754, 53.958812], [45.0448486, 53.959265], [44.9863324, 53.9585043], [44.9384552, 53.9473459], [44.9063721, 53.9598221], [44.8906673, 53.9646677], [44.88037, 53.9656223], [44.8519706, 53.9602239], [44.8461318, 53.9633001], [44.8404651, 53.9644114], [44.8315459, 53.9630009], [44.8179988, 53.9441675], [44.7785223, 53.9228017], [44.7274675, 53.9131986], [44.7361372, 53.9103699], [44.7409395, 53.9082473], [44.744032, 53.9058192], [44.7423975, 53.9048561], [44.7401718, 53.9011194], [44.7384501, 53.897986], [44.7327032, 53.896873], [44.6948662, 53.9019784], [44.6676703, 53.9079421], [44.6399562, 53.9034466], [44.6440683, 53.8947467], [44.654191, 53.8910577], [44.6040059, 53.8756356], [44.6030943, 53.8724221], [44.6117189, 53.8571656], [44.6336864, 53.801006], [44.6374048, 53.7851268], [44.6301974, 53.7802434], [44.6206938, 53.7736619], [44.6630145, 53.7548233], [44.7263303, 53.7127529], [44.7315917, 53.7055257], [44.7304752, 53.6999921], [44.7167626, 53.6914628], [44.5930135, 53.6856627], [44.5627625, 53.6632408], [44.4989759, 53.6431667], [44.5159592, 53.6643698], [44.5425435, 53.671668], [44.5355532, 53.6770773], [44.5260517, 53.6772645], [44.5199211, 53.6766235], [44.4880658, 53.665287], [44.3178529, 53.7068516], [44.197302, 53.697298], [44.1828006, 53.7075111], [44.1332065, 53.6908972], [44.1214488, 53.7113712], [44.1176734, 53.7274168], [44.0755499, 53.7314255], [43.9839945, 53.7412192], [43.9106382, 53.7895024], [43.8979363, 53.7935023], [43.8839531, 53.8012091], [43.9131985, 53.842688], [43.9318181, 53.8536325], [43.9325493, 53.859413], [43.9295805, 53.8674241], [43.8550379, 53.9050586], [43.8534904, 53.9073841], [43.8506619, 53.9108735], [43.8488577, 53.9138547], [43.7875978, 53.9457853], [43.749172, 53.9666405], [43.7491842, 53.9638954], [43.7465828, 53.96253], [43.7185975, 53.9553427], [43.7113176, 53.9538837], [43.704867, 53.9517813], [43.7012362, 53.9509402], [43.698385, 53.951468], [43.6939813, 53.9516363], [43.6439012, 53.9599404], [43.6158128, 53.965268], [43.6143551, 53.9669832], [43.6142702, 53.9684506], [43.6146965, 53.9724818], [43.6140982, 53.9773286], [43.606632, 53.9800546], [43.602169, 53.9814203], [43.5989116, 53.982024], [43.5938503, 53.9826806], [43.5825215, 53.9817193], [43.5416005, 54.0127394], [43.5284984, 54.0069281], [43.5109997, 53.9913584], [43.5102811, 53.9931594], [43.5106037, 53.9959035], [43.5083212, 53.997488], [43.5064516, 53.9980949], [43.5047847, 53.9998228], [43.5044581, 54.0015726], [43.5007639, 54.0015197], [43.497892, 54.002495], [43.4946483, 54.0020919], [43.4911987, 54.0007333], [43.4877113, 53.9988354], [43.4853463, 53.9969668], [43.4704201, 53.9913476]]]]}}, {"type": "Feature", "properties": {"name": "Ульяновская область"}, "geometry": {"type": "MultiPolygon", "coordinates": [[[[47.8290604, 52.6115417], [47.8298772, 52.6228769], [47.8327879, 52.6229618], [47.8397831, 52.6228055], [47.843152, 52.6226492], [47.84695, 52.6221672], [47.8472222, 52.621806], [47.8469714, 52.6211273], [47.8463478, 52.6205674], [47.8450517, 52.6197467], [47.8438792, 52.6194435], [47.842528, 52.6186631], [47.8421971, 52.6180715], [47.8415259, 52.6179123], [47.8405056, 52.6175566], [47.8396612, 52.6167259], [47.8401409, 52.6160958], [47.8412792, 52.6160134], [47.842151, 52.6157541], [47.8441197, 52.6156686], [47.8446418, 52.6154685], [47.8453271, 52.6138631], [47.8450056, 52.6134269], [47.8439694, 52.613143], [47.8435781, 52.6127165], [47.8438357, 52.6119489], [47.8444581, 52.6113332], [47.8437915, 52.6092821], [47.843938, 52.6090084], [47.8432554, 52.6089923], [47.8416608, 52.6090539], [47.8406222, 52.6091803], [47.8399255, 52.6093845], [47.839319, 52.6096016], [47.838448, 52.6098251], [47.8372822, 52.6098461], [47.836199, 52.6098489], [47.8322699, 52.6100837], [47.8311882, 52.6103673], [47.8317783, 52.6105758], [47.8318648, 52.6108093], [47.8317139, 52.6110448], [47.8313813, 52.6115139], [47.8307376, 52.6117159], [47.829611, 52.6115139], [47.8290604, 52.6115417]]], [[[49.4297261, 53.8565696], [49.4208859, 53.8591477], [49.2178512, 53.8671644], [48.7951718, 53.7237743], [48.651422, 53.7281878], [48.5323157, 53.7603466], [48.4775368, 53.7555455], [48.4843179, 53.7406347], [48.4894681, 53.7347314], [48.501142, 53.7413472], [48.5123866, 53.7294388], [48.5092106, 53.7179885], [48.5013995, 53.700075], [48.5141883, 53.681368], [48.5162288, 53.6769125], [48.5081017, 53.6721946], [48.4928302, 53.6526671], [48.4321643, 53.6550165], [48.4095035, 53.6379365], [48.3797864, 53.6472033], [48.404299, 53.5694937], [48.4186536, 53.5637963], [48.3683945, 53.48244], [48.3105033, 53.4737872], [48.2591698, 53.4718826], [48.2364997, 53.4814738], [48.1766257, 53.4807351], [48.1468418, 53.4827152], [48.117647, 53.4772822], [48.0911455, 53.4831246], [48.0062269, 53.4204688], [47.9304408, 53.3615992], [48.0258967, 53.2916512], [48.0991606, 53.2574497], [48.1098997, 53.1928892], [48.1696107, 53.159974], [48.1957338, 53.1403984], [48.2033358, 53.1222034], [48.1768321, 53.0314474], [48.2491915, 53.0656203], [48.3563338, 52.9969763], [48.5112666, 52.9515777], [48.4125718, 52.8138221], [48.2291306, 52.8089717], [48.0628801, 52.7639848], [48.0625721, 52.6807916], [48.0536889, 52.6749085], [48.0341358, 52.6720497], [48.0263038, 52.6675475], [48.0087299, 52.6662202], [47.9747589, 52.6613718], [47.8289392, 52.7032756], [47.7588841, 52.674292], [47.7620578, 52.6115233], [47.7597847, 52.5857859], [47.7421152, 52.5824857], [47.7363666, 52.5764291], [47.722508, 52.5682894], [47.5310967, 52.6153718], [47.5073249, 52.5911189], [47.2065746, 52.5475067], [47.1557181, 52.5614969], [47.1676427, 52.5773573], [47.163779, 52.5852335], [47.1514816, 52.588212], [47.0816859, 52.5797769], [47.0659058, 52.5690498], [47.0571121, 52.5394627], [47.0454592, 52.5356002], [47.0436809, 52.5521943], [47.0494274, 52.564564], [46.9892833, 52.5827677], [46.9904547, 52.5966842], [46.940702, 52.6271072], [46.9074883, 52.6221826], [46.8854397, 52.6168529], [46.8779348, 52.6155696], [46.8684506, 52.6146316], [46.8567293, 52.6153351], [46.8469178, 52.6168627], [46.8378036, 52.6172079], [46.802017, 52.6358521], [46.7977571, 52.6411047], [46.7978166, 52.6475859], [46.800387, 52.6557304], [46.8037971, 52.6614758], [46.8015412, 52.6678604], [46.9316942, 52.7413274], [46.9373389, 52.8255145], [46.9231787, 52.9139274], [46.9254637, 52.918646], [46.9093351, 53.085608], [46.9466518, 53.112531], [46.8936269, 53.2506814], [46.958442, 53.2784023], [46.7893245, 53.3748772], [46.6750544, 53.4288392], [46.6581161, 53.4725879], [46.4670438, 53.5229103], [46.435155, 53.6437385], [46.2468734, 53.7549091], [46.2244281, 53.7968652], [46.1952063, 53.8896275], [46.1244263, 53.9215181], [46.0780845, 53.9678649], [45.9648259, 54.003424], [45.926824, 53.9921637], [45.8663787, 53.9949283], [45.8063822, 53.9813461], [45.8709322, 54.0006181], [45.9254447, 54.0739514], [45.9664956, 54.1336466], [45.970547, 54.137973], [46.006613, 54.1491306], [46.0065502, 54.138532], [46.0173975, 54.1293264], [46.0184198, 54.1231887], [46.0227086, 54.1260569], [46.0262271, 54.1294229], [46.0336933, 54.1334996], [46.038503, 54.1389775], [46.0419298, 54.1432008], [46.0744698, 54.1753743], [46.0859659, 54.1674855], [46.1278303, 54.1672239], [46.1954375, 54.1810891], [46.2661184, 54.1833324], [46.30755, 54.1993037], [46.3479965, 54.197133], [46.4039697, 54.217771], [46.4195464, 54.2492911], [46.4852057, 54.2686249], [46.5572856, 54.2872605], [46.6405032, 54.2914177], [46.6701936, 54.3020866], [46.6951664, 54.3404175], [46.7222777, 54.3725697], [46.7237687, 54.3971272], [46.7245287, 54.4011252], [46.7098183, 54.393179], [46.6961088, 54.3838416], [46.7006229, 54.3886119], [46.6848828, 54.3999364], [46.6779563, 54.3987022], [46.6648731, 54.400015], [46.6604993, 54.3991542], [46.653855, 54.3997931], [46.6494776, 54.4008246], [46.6435731, 54.4020969], [46.6336166, 54.4025507], [46.6289283, 54.4028957], [46.6264978, 54.4043274], [46.6198646, 54.4058823], [46.6174595, 54.4060359], [46.6146286, 54.4061854], [46.6077655, 54.4052353], [46.6009869, 54.4041837], [46.5866576, 54.4004877], [46.5799713, 54.3991893], [46.5745567, 54.398593], [46.5681193, 54.4019369], [46.5638328, 54.4046884], [46.5580865, 54.4031873], [46.5237242, 54.4179849], [46.4984948, 54.4663806], [46.5061277, 54.4704227], [46.5399372, 54.4673306], [46.5354739, 54.4773516], [46.5922732, 54.4867218], [46.5878402, 54.4882149], [46.5829203, 54.4895646], [46.5789951, 54.4892562], [46.5763709, 54.4894694], [46.5731017, 54.4903681], [46.5800895, 54.4952444], [46.5630239, 54.494307], [46.5581473, 54.4886556], [46.5521012, 54.487505], [46.54597, 54.4866156], [46.5373395, 54.4846431], [46.5326133, 54.4837067], [46.5064812, 54.4821966], [46.4736189, 54.4882769], [46.4822859, 54.5019323], [46.4877761, 54.5045689], [46.4961818, 54.5080573], [46.5030426, 54.508607], [46.508116, 54.5120952], [46.5157495, 54.5153286], [46.52121, 54.5163453], [46.5297056, 54.5183878], [46.5338271, 54.5226721], [46.5343403, 54.52471], [46.5350285, 54.527948], [46.5340813, 54.5350655], [46.5345123, 54.5396993], [46.5351976, 54.5423867], [46.5365734, 54.5448761], [46.5418893, 54.5502503], [46.5457542, 54.5534835], [46.5379419, 54.5591472], [46.5343383, 54.5578018], [46.5290177, 54.5565099], [46.5247288, 54.5558091], [46.5206043, 54.5551631], [46.5184564, 54.5542208], [46.5128293, 54.5535403], [46.5218445, 54.5880488], [46.5173978, 54.5880503], [46.5127749, 54.5865068], [46.5079716, 54.5850657], [46.5018332, 54.5825391], [46.4996048, 54.5810965], [46.4936161, 54.5794066], [46.4870078, 54.5791569], [46.4820869, 54.5777758], [46.4785738, 54.5769787], [46.4613565, 54.5779551], [46.4576754, 54.5795508], [46.4195918, 54.5705432], [46.4528864, 54.6023652], [46.4712515, 54.6087741], [46.477427, 54.6136941], [46.4859107, 54.6186105], [46.4986957, 54.6246184], [46.5337289, 54.6322565], [46.4254171, 54.6908795], [46.4333852, 54.6937613], [46.452462, 54.7205925], [46.4335871, 54.725734], [46.4110712, 54.7319555], [46.412263, 54.7357522], [46.4089072, 54.7389217], [46.5683174, 54.7161938], [46.6217113, 54.6909218], [46.6333414, 54.6890304], [46.6414738, 54.6833867], [46.650529, 54.677072], [46.6567839, 54.6747894], [46.666671, 54.6750841], [46.6730279, 54.6741877], [46.679948, 54.6749135], [46.6880208, 54.6769103], [46.7601703, 54.6798604], [46.8924966, 54.6454166], [47.1416322, 54.6677409], [47.1648038, 54.6707334], [47.1818418, 54.6533839], [47.1942717, 54.6603506], [47.1747048, 54.6581969], [47.2140415, 54.6586342], [47.2322143, 54.6636272], [47.2151769, 54.6663946], [47.2382439, 54.680378], [47.2679725, 54.6730901], [47.3455777, 54.6141418], [47.356374, 54.5764639], [47.3593565, 54.5738813], [47.3652675, 54.5696281], [47.3725375, 54.5529], [47.4378334, 54.5606328], [47.447531, 54.5660019], [47.4639579, 54.5637603], [47.4736002, 54.5597013], [47.4835429, 54.5575058], [47.4861195, 54.5542191], [47.4834583, 54.5468543], [47.5440821, 54.5313181], [47.6340171, 54.5900384], [47.709713, 54.7046341], [47.8334755, 54.6902918], [47.8256401, 54.6896428], [47.8228464, 54.6889428], [47.8171332, 54.6888692], [47.8106914, 54.6890019], [47.7935771, 54.6894155], [47.7815584, 54.6875346], [47.7706183, 54.6821184], [47.9260161, 54.6395239], [47.910196, 54.6953773], [47.9249415, 54.6983491], [48.0728188, 54.7326679], [48.101578, 54.738375], [48.1172938, 54.738121], [48.1304829, 54.7342126], [48.142388, 54.7273179], [48.1616223, 54.7241005], [48.1746723, 54.7278921], [48.1856499, 54.7274035], [48.1880075, 54.7298788], [48.1932565, 54.7308403], [48.1977726, 54.7320555], [48.2028847, 54.7362728], [48.2494605, 54.717956], [48.2725557, 54.7239544], [48.2657486, 54.7122473], [48.2490815, 54.7069605], [48.2399831, 54.7031603], [48.2367529, 54.6981477], [48.3612452, 54.6935887], [48.3592927, 54.6890135], [48.3512306, 54.6790447], [48.3521323, 54.6717491], [48.8817414, 54.625206], [49.0307775, 54.8089836], [49.0581327, 54.7999487], [49.0836117, 54.7960609], [49.1159121, 54.7976595], [49.2627, 54.8852622], [49.488596, 54.7503199], [49.5131136, 54.7185482], [49.4815477, 54.6946029], [49.4874415, 54.6889313], [49.4914971, 54.6895108], [49.4958198, 54.6888819], [49.5009442, 54.6898886], [49.5088, 54.6907286], [49.513492, 54.6936146], [49.5201046, 54.694175], [49.5234162, 54.6928968], [49.528698, 54.6920132], [49.5360598, 54.6891181], [49.5308349, 54.6868924], [49.5494201, 54.6662714], [49.5393752, 54.6207051], [49.5462663, 54.6186172], [49.5545611, 54.6177282], [49.5622248, 54.6179184], [49.5667741, 54.6165528], [49.5720595, 54.6153607], [49.5825167, 54.5965458], [49.5700897, 54.589452], [49.5660739, 54.5816991], [49.5545114, 54.5772156], [49.5537607, 54.5706427], [49.5583753, 54.563941], [49.5663419, 54.5633632], [49.5762573, 54.5625454], [49.5813593, 54.5588687], [49.585923, 54.5594504], [49.5896724, 54.5577241], [49.595796, 54.5587512], [49.5996404, 54.5584067], [49.6047489, 54.5598372], [49.6070638, 54.560415], [49.610876, 54.5585609], [49.6163171, 54.5564139], [49.6214649, 54.55619], [49.626119, 54.5570755], [49.6271613, 54.5598765], [49.6322179, 54.5593259], [49.6372224, 54.5612463], [49.6411952, 54.5624963], [49.6474122, 54.5639197], [49.653472, 54.5656143], [49.6553068, 54.5680396], [49.6602963, 54.5730334], [49.6655611, 54.572936], [49.6742075, 54.5742689], [49.6789039, 54.5754719], [49.6837774, 54.5765744], [49.691509, 54.5783135], [49.7020168, 54.5781366], [49.7086438, 54.5767298], [49.7135218, 54.5754979], [49.7182605, 54.5744027], [49.7252603, 54.5755222], [49.7310602, 54.5753993], [49.7367401, 54.576783], [49.7460935, 54.5743242], [49.7693743, 54.5723381], [49.8394666, 54.5485337], [49.8443921, 54.5435534], [49.8468357, 54.5392674], [49.9728097, 54.5027901], [50.1013839, 54.5020146], [50.2315025, 54.3076328], [50.2389067, 54.2236354], [50.2370663, 54.2151426], [50.2315548, 54.2100652], [50.2249753, 54.2068928], [50.2282919, 54.2048979], [50.2268729, 54.1998695], [50.2190104, 54.1929832], [50.216741, 54.1875853], [50.2192035, 54.1835718], [50.2151317, 54.1809022], [50.2099834, 54.1787008], [50.2052612, 54.1744921], [50.2009754, 54.1682504], [50.2028981, 54.1618204], [50.2028886, 54.1561807], [50.1988441, 54.1480343], [50.193897, 54.1411794], [50.1981674, 54.1342239], [50.1947784, 54.1255255], [50.201571, 54.1212276], [50.1993566, 54.11366], [50.2084596, 54.1058528], [50.2063879, 54.0977514], [50.2065537, 54.088217], [50.2123617, 54.0847884], [50.2135946, 54.0786543], [50.2179796, 54.0744093], [50.2241546, 54.0701162], [50.1176263, 54.0195179], [50.019574, 53.9642676], [50.0181351, 53.9669012], [50.0262454, 53.9703862], [50.0275264, 53.976083], [49.97804, 53.9787723], [49.8288153, 53.8485968], [49.6365838, 53.834167], [49.5947224, 53.8216456]]]]}}, {"type": "Feature", "properties": {"name": "Саратовская область"}, "geometry": {"type": "MultiPolygon", "coordinates": [[[[42.8529831, 51.3243838], [42.9338442, 51.2535805], [43.0865121, 51.1457188], [43.3619072, 51.0006676], [43.4131481, 51.0264893], [43.5225286, 51.0496866], [43.6547365, 51.0544394], [43.6821562, 51.0648932], [43.6861973, 51.072731], [43.6896448, 51.0799341], [43.6861566, 51.0829733], [43.6826928, 51.0869419], [43.6817415, 51.0905782], [43.6916938, 51.0955317], [43.6833677, 51.0976815], [43.6772776, 51.0971913], [43.676928, 51.1001375], [43.6810504, 51.1087503], [43.6733504, 51.1116856], [43.6618088, 51.1141236], [43.6740561, 51.1198742], [43.8117807, 51.1131941], [43.9545583, 51.1479871], [44.0183658, 51.1176443], [44.0437686, 51.1051357], [44.1772442, 51.0948199], [44.2099657, 51.1399986], [44.3046896, 51.1817247], [44.4275563, 51.1809176], [44.500845, 51.2034493], [44.571332, 51.1233836], [44.6813816, 51.1684838], [44.7940788, 51.1544604], [44.8089243, 51.1598899], [44.817103, 51.1601719], [44.8240922, 51.1584398], [44.8253849, 51.1645055], [44.8387808, 51.1589728], [44.850441, 51.1653], [44.8547261, 51.1651515], [44.8668808, 51.1707577], [44.8807556, 51.1647251], [44.8991943, 51.1154692], [45.0705713, 51.1113426], [45.0748649, 51.0896992], [45.1923894, 51.0434446], [45.2574909, 50.9370604], [45.3006649, 50.9152303], [45.322423, 50.8748373], [45.2801513, 50.7399044], [45.2210998, 50.6963217], [45.3934049, 50.6023754], [45.4145622, 50.6115675], [45.4671335, 50.6063384], [45.5201554, 50.5665979], [45.5329227, 50.5545888], [45.5623409, 50.5700985], [45.6148927, 50.5864288], [45.7156323, 50.737716], [45.9865111, 50.6988922], [46.0665995, 50.5261878], [46.4691693, 50.5463196], [46.4934867, 50.5522812], [46.476214, 50.5537598], [46.4576323, 50.5545684], [46.450134, 50.5661506], [46.449996, 50.5829492], [46.4647232, 50.6079252], [46.4686504, 50.6249531], [46.4956158, 50.6294629], [46.4998503, 50.6186318], [46.5270741, 50.6234847], [46.5471172, 50.613338], [46.5517815, 50.620516], [46.5648865, 50.6226543], [46.5606932, 50.6179169], [46.5653291, 50.6140447], [46.7002303, 50.6993737], [46.7195407, 50.7112044], [46.8129068, 50.6444613], [46.85454, 50.629658], [46.8485372, 50.6220181], [46.8335491, 50.614993], [46.82267, 50.610309], [46.8161147, 50.6016343], [46.8092832, 50.5909421], [46.8084244, 50.5821604], [46.9124195, 50.4896723], [47.4650815, 50.4115738], [47.5681589, 50.4619267], [47.6121541, 50.4588923], [47.6251571, 50.460007], [47.637446, 50.4547739], [47.6408387, 50.4505106], [47.6251733, 50.4488028], [47.6290467, 50.4444843], [47.639827, 50.4424891], [47.6461527, 50.4476328], [47.6491189, 50.4446222], [47.6435214, 50.4414896], [47.6410045, 50.4351339], [47.6490063, 50.4298917], [47.6526941, 50.4255896], [47.6610417, 50.422976], [47.6734119, 50.4212472], [47.6735974, 50.4181716], [47.6617099, 50.4161754], [47.665665, 50.4074911], [47.6809402, 50.4002896], [47.6971209, 50.3925529], [47.731718, 50.3858737], [47.7441964, 50.3774492], [47.7398785, 50.3680349], [47.7441598, 50.3577677], [47.761829, 50.3459942], [47.7792646, 50.3398177], [47.7947411, 50.3331877], [47.8119185, 50.3296376], [47.8262948, 50.32509], [47.8191795, 50.3133914], [47.8533341, 50.3011651], [47.8821947, 50.2737724], [47.9159111, 50.2519714], [47.9363965, 50.2343067], [47.9506447, 50.2202439], [47.9641138, 50.199943], [47.9876, 50.1830274], [47.9992234, 50.1659882], [48.0098616, 50.1419137], [48.0350286, 50.1362177], [48.0473429, 50.1279708], [48.049814, 50.1116339], [48.08976, 50.1020304], [48.1077424, 50.0865945], [48.1144658, 50.0661614], [48.125046, 50.0507289], [48.1291746, 50.0313924], [48.1290399, 50.0155813], [48.1358982, 49.9958738], [48.1584313, 49.9745431], [48.1594686, 49.9644522], [48.1647297, 49.9556034], [48.1761558, 49.9475924], [48.1934884, 49.9426351], [48.2017182, 49.9295396], [48.2180214, 49.9177682], [48.2240318, 49.9065173], [48.2334279, 49.8880003], [48.2289292, 49.8742804], [48.2424053, 49.8687507], [48.2676354, 49.8593953], [48.2992234, 49.8619897], [48.3145673, 49.8726413], [48.3266466, 49.8516279], [48.3441664, 49.8437284], [48.3594686, 49.8247958], [48.3918837, 49.8367689], [48.413619, 49.8179002], [48.439867, 49.8012132], [48.7650854, 49.9339712], [48.8793864, 50.0327498], [48.8652354, 50.0557961], [48.8514272, 50.0861065], [48.8018758, 50.0970321], [48.7665279, 50.0985557], [48.7143601, 50.3253668], [48.6610031, 50.5455938], [48.6556689, 50.5563394], [48.6645251, 50.5746401], [48.6530335, 50.5845924], [48.6503604, 50.6028881], [48.6255118, 50.6111619], [48.6092502, 50.61509], [48.588846, 50.6204304], [48.5735077, 50.6315888], [48.6358411, 50.6487167], [48.6565964, 50.6382955], [48.6684033, 50.6294106], [48.688765, 50.6143164], [48.7137612, 50.6063591], [48.7368847, 50.6058491], [48.7547876, 50.608805], [48.7717957, 50.6076509], [48.9882185, 50.6786011], [49.376822, 50.8419011], [49.426829, 50.856945], [49.4419546, 50.8722661], [49.4397349, 50.8860066], [49.4392909, 50.8970121], [49.4288298, 50.9093203], [49.426467, 50.9184275], [49.4203403, 50.9303718], [49.4136457, 50.9459231], [49.4066392, 50.959752], [49.4400752, 51.1116315], [49.7220477, 51.1077481], [49.9215665, 51.2055894], [50.3731352, 51.332611], [50.386745, 51.4116702], [50.3805931, 51.4277731], [50.5553717, 51.4726015], [50.5539402, 51.4861683], [50.5430443, 51.501435], [50.5389913, 51.5184884], [50.5547593, 51.5992523], [50.5649227, 51.5895035], [50.6556871, 51.6290682], [50.7300496, 51.6151056], [50.7268681, 51.6038556], [50.7050593, 51.5952789], [50.6910789, 51.5855625], [50.6795942, 51.5759444], [50.8325797, 51.6491575], [50.6493763, 51.9332583], [50.40449, 51.9846337], [50.3062258, 52.0172549], [50.2449675, 52.0234828], [50.1861095, 52.0244535], [50.2234208, 52.1293124], [49.8441127, 52.1737623], [49.7373521, 52.2671936], [49.7256532, 52.2696964], [49.716759, 52.2665711], [49.7179928, 52.2747515], [49.7074785, 52.2689414], [49.7049143, 52.2584417], [49.7038951, 52.2553551], [49.7033372, 52.2460282], [49.6887889, 52.2510203], [49.6735539, 52.2477098], [49.6758285, 52.2418501], [49.6708074, 52.2316792], [49.6213474, 52.3549074], [49.5212312, 52.3684491], [49.428773, 52.3620478], [49.2976274, 52.3901608], [49.3297399, 52.4539334], [49.1653245, 52.4731669], [49.1454046, 52.4782737], [49.1332712, 52.4819365], [49.1192807, 52.4809875], [48.8456763, 52.5121948], [48.6352256, 52.6306642], [48.5502202, 52.6625747], [48.5199585, 52.6732428], [48.4864021, 52.6687878], [48.344646, 52.7013995], [48.3709497, 52.809634], [48.268826, 52.8104227], [48.1970225, 52.7686027], [48.028366, 52.7667722], [48.0636558, 52.6815612], [48.0637983, 52.6773472], [48.0478105, 52.6747842], [48.0345864, 52.6727133], [48.0270119, 52.6699548], [48.0214973, 52.6667928], [48.0100603, 52.6672743], [47.9999314, 52.6601882], [47.9270237, 52.6589499], [47.8257868, 52.7055907], [47.7859762, 52.6753284], [47.7570085, 52.6587173], [47.7620578, 52.6115233], [47.7655409, 52.5967139], [47.7515158, 52.5802365], [47.7413019, 52.5823227], [47.7347766, 52.5779221], [47.7301439, 52.5744991], [47.7200137, 52.5684847], [47.648563, 52.5909804], [47.4911176, 52.6097465], [47.4942231, 52.5843835], [47.2432826, 52.5638192], [47.1927844, 52.5585219], [47.1613279, 52.5660958], [47.1591675, 52.5775845], [47.1705094, 52.5800586], [47.1657317, 52.5913922], [47.1523956, 52.5897012], [47.1140948, 52.5809471], [47.0719113, 52.5812286], [47.0650117, 52.5704764], [47.0645087, 52.5592665], [47.0538797, 52.5369349], [47.0454972, 52.5352523], [47.0413897, 52.5455338], [47.0428079, 52.5571722], [47.0483935, 52.5647169], [47.0477104, 52.5746036], [46.9863305, 52.5874605], [46.9904547, 52.5966842], [46.9592708, 52.6345198], [46.9278244, 52.6214586], [46.9082182, 52.6213702], [46.8882721, 52.6190904], [46.8829613, 52.6168399], [46.8772428, 52.6152602], [46.8707251, 52.6147944], [46.8624317, 52.6147651], [46.8557262, 52.6155957], [46.8498897, 52.6167715], [46.8425511, 52.6162732], [46.8355935, 52.6175597], [46.6551487, 52.6648262], [46.6346811, 52.6611928], [46.5734426, 52.7272643], [46.4127091, 52.6759611], [46.2098509, 52.613131], [46.1417219, 52.5460531], [46.1375906, 52.5263873], [46.1212629, 52.5289874], [46.1071652, 52.5453638], [46.1027717, 52.5463197], [46.096608, 52.548228], [46.0851711, 52.5490696], [46.0828, 52.5418926], [46.0755687, 52.5308965], [46.0535585, 52.5288536], [46.0103777, 52.463849], [45.9609227, 52.418503], [45.8416276, 52.4286901], [45.7834193, 52.4256834], [45.706644, 52.4327809], [45.708898, 52.4755211], [45.6519696, 52.4936686], [45.6095843, 52.4744955], [45.6000335, 52.454982], [45.5284528, 52.4764188], [45.4894492, 52.4132394], [45.4428095, 52.403336], [45.4155297, 52.3914733], [45.3173272, 52.3968671], [45.2089234, 52.3878218], [45.0894071, 52.3841006], [45.0880385, 52.3129838], [45.0486947, 52.3112858], [44.9831063, 52.3508715], [44.8441611, 52.4463423], [44.5389626, 52.5275351], [44.4961561, 52.4631097], [44.5069945, 52.4488013], [44.5119109, 52.4464521], [44.4769262, 52.401499], [44.4260968, 52.4043976], [44.3415577, 52.3374635], [44.3408822, 52.3023634], [44.2043604, 52.3349427], [44.1061855, 52.3302362], [44.033616, 52.3278343], [44.0104035, 52.3429494], [43.9772405, 52.354105], [43.8923601, 52.4038062], [43.7402591, 52.4250716], [43.6994938, 52.4163827], [43.6911742, 52.4028292], [43.6673041, 52.3919054], [43.6441782, 52.3922585], [43.6117273, 52.3974421], [43.5917661, 52.3965744], [43.5724797, 52.4039337], [43.5434376, 52.3962988], [43.5234733, 52.4033137], [43.4977659, 52.3867433], [43.4660701, 52.3759771], [43.4263472, 52.3774897], [43.4114546, 52.3807254], [43.3974855, 52.3795676], [43.3750562, 52.3686757], [43.3518982, 52.3640868], [43.3016769, 52.4340224], [43.2707858, 52.4373131], [43.2672122, 52.433864], [43.2593582, 52.4320718], [43.246455, 52.4275778], [43.2362382, 52.4350507], [43.2209128, 52.4439041], [43.2072105, 52.4537025], [43.0871739, 52.3721748], [43.0125905, 52.3565746], [42.9419588, 52.3355587], [42.8852908, 52.2107508], [42.8512304, 52.207523], [42.8351659, 52.2016943], [42.8228224, 52.1950046], [42.7965167, 52.1897334], [42.776738, 52.1852038], [42.778843, 52.1710987], [42.7678832, 52.1321405], [42.7692537, 52.1190528], [42.7614878, 52.1128468], [42.7652825, 52.1003603], [42.7583803, 52.088146], [42.7723101, 52.0807096], [42.7857028, 52.0718369], [42.7859628, 52.0636306], [42.7797057, 52.0546033], [42.7760577, 52.0493577], [42.7864612, 52.0401338], [42.7933317, 52.0314776], [42.7968601, 52.023724], [42.8093002, 52.0213345], [42.7197555, 52.0004694], [42.7204142, 51.9701375], [42.7083731, 51.9333252], [42.6677173, 51.8068896], [42.515382, 51.7033279], [42.5171291, 51.6305654], [42.5551349, 51.5626259], [42.5659229, 51.5386865], [42.8295106, 51.3960224]], [[47.8290604, 52.6115417], [47.8298772, 52.6228769], [47.8327879, 52.6229618], [47.8397831, 52.6228055], [47.843152, 52.6226492], [47.84695, 52.6221672], [47.8472222, 52.621806], [47.8469714, 52.6211273], [47.8463478, 52.6205674], [47.8450517, 52.6197467], [47.8438792, 52.6194435], [47.842528, 52.6186631], [47.8421971, 52.6180715], [47.8415259, 52.6179123], [47.8405056, 52.6175566], [47.8396612, 52.6167259], [47.8401409, 52.6160958], [47.8412792, 52.6160134], [47.842151, 52.6157541], [47.8441197, 52.6156686], [47.8446418, 52.6154685], [47.8453271, 52.6138631], [47.8450056, 52.6134269], [47.8439694, 52.613143], [47.8435781, 52.6127165], [47.8438357, 52.6119489], [47.8444581, 52.6113332], [47.8437915, 52.6092821], [47.843938, 52.6090084], [47.8432554, 52.6089923], [47.8416608, 52.6090539], [47.8406222, 52.6091803], [47.8399255, 52.6093845], [47.839319, 52.6096016], [47.838448, 52.6098251], [47.8372822, 52.6098461], [47.836199, 52.6098489], [47.8322699, 52.6100837], [47.8311882, 52.6103673], [47.8317783, 52.6105758], [47.8318648, 52.6108093], [47.8317139, 52.6110448], [47.8313813, 52.6115139], [47.8307376, 52.6117159], [47.829611, 52.6115139], [47.8290604, 52.6115417]]]]}}, {"type": "Feature", "properties": {"name": "Самарская область"}, "geometry": {"type": "MultiPolygon", "coordinates": [[[[52.2404997, 53.388787], [52.2410244, 53.3911338], [52.2395815, 53.3926983], [52.2401718, 53.3947711], [52.2416147, 53.3953186], [52.2441069, 53.3983298], [52.2458777, 53.3990337], [52.2467303, 53.4011453], [52.3143104, 53.3893283], [52.2850979, 53.3397746], [52.3077249, 53.3343838], [52.3037242, 53.3280387], [52.2260709, 53.3443303], [52.2237098, 53.3463271], [52.2230539, 53.3491069], [52.2233819, 53.3510252], [52.2275138, 53.3617115], [52.2266611, 53.363825], [52.2303995, 53.3724733], [52.2324327, 53.3734516], [52.2319736, 53.3745863], [52.2321048, 53.3774033], [52.2359087, 53.3796334], [52.2366302, 53.3817068], [52.2391224, 53.3851102], [52.2387945, 53.3860881], [52.2408932, 53.3869095], [52.2404997, 53.388787]]], [[[49.5935428, 53.8400597], [49.5910839, 53.8041894], [49.6365838, 53.834167], [49.7378692, 53.8596888], [49.839955, 53.8360715], [50.0387623, 53.8645898], [50.0280517, 53.978206], [50.0299545, 53.9766836], [50.0216754, 53.9726271], [50.0262454, 53.9703862], [50.0230476, 53.9683679], [50.0169066, 53.9676914], [50.016429, 53.965585], [50.0167382, 53.9627539], [50.0811074, 54.007111], [50.1827029, 54.0234749], [50.2241546, 54.0701162], [50.2183027, 54.0731456], [50.2164109, 54.0745421], [50.2119634, 54.0764507], [50.2126179, 54.0808473], [50.21361, 54.0845961], [50.2105178, 54.0860706], [50.2065537, 54.088217], [50.2023783, 54.0945492], [50.2078966, 54.0987979], [50.2074595, 54.1033204], [50.2069775, 54.1078795], [50.2007184, 54.112478], [50.1997845, 54.1169962], [50.201571, 54.1212276], [50.1959417, 54.1235088], [50.1952614, 54.1275774], [50.1972328, 54.1325112], [50.1963879, 54.1360437], [50.194467, 54.140521], [50.1922679, 54.1442485], [50.1988441, 54.1480343], [50.1987177, 54.1508381], [50.20418, 54.1571444], [50.2015017, 54.160109], [50.2035209, 54.1624416], [50.2053319, 54.165995], [50.2063343, 54.1720492], [50.2052612, 54.1744921], [50.2102301, 54.1760935], [50.2116513, 54.1783283], [50.2151493, 54.1793069], [50.217912, 54.1802259], [50.2188115, 54.1826014], [50.217994, 54.1857535], [50.216741, 54.1875853], [50.2185796, 54.1906195], [50.220583, 54.1926673], [50.2272385, 54.1975586], [50.2250964, 54.2018526], [50.2273462, 54.2044473], [50.2290532, 54.206306], [50.2249753, 54.2068928], [50.2279613, 54.2098763], [50.2325325, 54.2113152], [50.2343546, 54.2154143], [50.2433343, 54.2190394], [50.2406937, 54.2244342], [50.2367014, 54.2251812], [50.2315025, 54.3076328], [50.1675073, 54.3709278], [50.1906426, 54.501282], [50.2510279, 54.4476183], [50.3232423, 54.4588663], [50.3347508, 54.4792323], [50.3368824, 54.4807214], [50.3443152, 54.4842147], [50.347329, 54.4883659], [50.3591088, 54.4885187], [50.3700921, 54.4874077], [50.4090144, 54.4535703], [50.477107, 54.3864535], [50.5346783, 54.3296009], [50.6576299, 54.3896803], [50.7469901, 54.3863656], [50.7559916, 54.3769825], [50.7622199, 54.3768413], [50.7675685, 54.3768455], [50.822766, 54.3634866], [50.8547302, 54.3723685], [50.8617279, 54.3748228], [50.8645277, 54.3787291], [50.8692381, 54.3824472], [50.9072985, 54.3703401], [50.9528954, 54.3929845], [50.9519597, 54.3951446], [50.9527919, 54.3973641], [50.957512, 54.397296], [50.960173, 54.3969553], [50.9659104, 54.3942176], [50.9659609, 54.3970495], [50.9726231, 54.3963591], [50.978445, 54.3973887], [50.9816758, 54.3968206], [50.9862533, 54.4003733], [50.9903645, 54.4013393], [50.9974708, 54.4020394], [51.0127401, 54.4655982], [51.0153711, 54.4740942], [51.0128749, 54.4767058], [51.0105796, 54.4796483], [51.0058956, 54.4821311], [51.0050848, 54.5297764], [51.0926051, 54.5740969], [51.1549642, 54.6418577], [51.196448, 54.6485638], [51.2522241, 54.6336151], [51.2556968, 54.6357152], [51.2655783, 54.6404221], [51.2938501, 54.6515025], [51.2952583, 54.6512219], [51.2987783, 54.6517711], [51.3000479, 54.6527759], [51.3032456, 54.6527803], [51.3048372, 54.6517223], [51.3030302, 54.6505129], [51.3032423, 54.6493283], [51.3052733, 54.6487465], [51.3082452, 54.6497509], [51.3105748, 54.6486743], [51.3108352, 54.6475114], [51.3121403, 54.6465812], [51.3143315, 54.6473778], [51.3190924, 54.6510498], [51.3236297, 54.6519025], [51.3293568, 54.6548263], [51.3329649, 54.6539513], [51.3411845, 54.6528477], [51.3565019, 54.6528194], [51.3643712, 54.6559711], [51.3620451, 54.6610297], [51.3692498, 54.6619802], [51.3761248, 54.6638645], [51.3808442, 54.6654369], [51.3803874, 54.6684799], [51.3811033, 54.6711594], [51.3825326, 54.673096], [51.384871, 54.675785], [51.3892523, 54.6770065], [51.3986346, 54.6621995], [51.396321, 54.6573338], [51.3895692, 54.6484367], [51.3923496, 54.642788], [51.3958163, 54.6366778], [51.3939672, 54.6329132], [51.3898694, 54.6295689], [51.3876601, 54.6244081], [51.3869259, 54.6202866], [51.3826338, 54.6177527], [51.3826407, 54.6138978], [51.3832321, 54.6094716], [51.3854621, 54.6038322], [51.3871499, 54.5988815], [51.3842984, 54.5944094], [51.3823962, 54.588215], [51.5176927, 54.6384159], [51.5197569, 54.6509348], [51.5284421, 54.6502672], [51.5415337, 54.6475043], [51.5400523, 54.645144], [51.5433336, 54.6413132], [51.5515815, 54.6398167], [51.5565322, 54.6356544], [51.5591577, 54.6323298], [51.5613728, 54.6281245], [51.5648496, 54.6244139], [51.5700237, 54.6249349], [51.5809934, 54.6221225], [51.5796687, 54.6184107], [51.5824672, 54.6137131], [51.5871994, 54.6124209], [51.5857279, 54.6103506], [51.5864412, 54.6082751], [51.5898025, 54.6024062], [51.5962656, 54.5986302], [51.609793, 54.5858698], [51.6165519, 54.5780183], [51.6189497, 54.5741265], [51.6293323, 54.5699863], [51.6340365, 54.5680608], [51.6632095, 54.5690983], [51.8020803, 54.535368], [51.9303683, 54.5313931], [51.9414184, 54.4920945], [51.9331948, 54.4514795], [51.9434651, 54.4433112], [51.9254075, 54.4376993], [51.9145582, 54.4365671], [51.9154721, 54.4288905], [51.9049356, 54.4134351], [51.9661946, 54.4204611], [52.0025774, 54.4100264], [51.9909012, 54.4139607], [51.9762759, 54.4172069], [51.9976818, 54.4199415], [52.0236507, 54.4267882], [52.0599645, 54.4176354], [52.0620873, 54.4176137], [52.0648293, 54.4183624], [52.0658428, 54.4168391], [52.0486475, 54.3802403], [52.0566455, 54.3794515], [52.0599366, 54.3793359], [52.0592692, 54.3752165], [52.0559873, 54.3724402], [52.0398744, 54.3532869], [52.0925425, 54.328302], [52.1164637, 54.3612372], [52.1010263, 54.3811868], [52.117786, 54.3911046], [52.1198814, 54.3872042], [52.1243997, 54.3814085], [52.125716, 54.3757278], [52.1295645, 54.3729521], [52.1353392, 54.3712269], [52.1380619, 54.3685009], [52.1420334, 54.3656607], [52.1486521, 54.3631103], [52.1523785, 54.3641223], [52.1581455, 54.3649722], [52.1632286, 54.3683643], [52.1671935, 54.3695587], [52.1738057, 54.3734283], [52.1787515, 54.3770276], [52.1780513, 54.3785833], [52.1810522, 54.3802543], [52.2217935, 54.430969], [52.3089641, 54.4458324], [52.3492418, 54.4274518], [52.3987487, 54.4218221], [52.3939403, 54.4250669], [52.3929454, 54.4297972], [52.3896539, 54.4334335], [52.388041, 54.4372595], [52.3884675, 54.4397067], [52.3868136, 54.4449663], [52.436733, 54.4644386], [52.4854662, 54.4362663], [52.4890065, 54.4382], [52.4910466, 54.4395604], [52.4934941, 54.4390822], [52.4965484, 54.4390423], [52.497712, 54.4396841], [52.5017816, 54.4384736], [52.5021428, 54.3979049], [52.4947251, 54.3903697], [52.4913039, 54.391965], [52.5043558, 54.3752314], [52.5121282, 54.299721], [52.3788017, 54.2949861], [52.3497786, 54.2117281], [52.2971456, 54.1587505], [52.3476719, 54.1257332], [52.369569, 54.1470041], [52.3836021, 54.0822208], [52.4027063, 54.0074625], [52.3869687, 53.9650351], [52.3991159, 53.9475854], [52.4165083, 53.9600742], [52.373001, 53.8664374], [52.3537769, 53.8172022], [52.3347967, 53.7835784], [52.2999548, 53.7578023], [52.279541, 53.7171427], [52.2580456, 53.6823789], [52.2423304, 53.6517524], [52.2379817, 53.6544975], [52.1888369, 53.5558802], [52.0962059, 53.5494597], [52.099964, 53.47644], [52.1366071, 53.4433291], [52.160639, 53.3851032], [52.1317516, 53.19852], [52.1059216, 53.1676184], [52.0739501, 53.1544793], [52.0682666, 53.1288105], [52.1381041, 53.088007], [52.0421585, 52.9873933], [51.9588299, 52.9511101], [51.8922814, 52.9490919], [51.8624742, 52.9249064], [51.8470528, 52.896831], [51.7589245, 52.8746944], [51.6138133, 52.6660699], [51.5001731, 52.5954867], [51.4968118, 52.5658628], [51.5315181, 52.4667963], [51.4731521, 52.4286634], [51.468398, 52.4187765], [51.4644014, 52.4094727], [51.4657946, 52.3963603], [51.4605171, 52.3716261], [51.3997876, 52.3079536], [51.4337534, 52.1501779], [51.1306017, 51.9299811], [50.7374397, 51.782629], [50.5202303, 51.9709714], [50.4097257, 51.9835368], [50.3063401, 52.0148549], [50.2482819, 52.0233686], [50.1829094, 52.0280535], [50.1569667, 52.0109101], [50.0430738, 52.1755964], [49.7623302, 52.2220459], [49.7464671, 52.2700378], [49.7256532, 52.2696964], [49.7184863, 52.2648114], [49.7224453, 52.2720599], [49.7139802, 52.2734057], [49.7011377, 52.2659867], [49.7076502, 52.2583367], [49.7030797, 52.25525], [49.7038951, 52.247158], [49.6929946, 52.2491811], [49.6808925, 52.24926], [49.6696487, 52.2432691], [49.67909, 52.2372511], [49.6676316, 52.2319683], [49.6202046, 52.3516502], [49.5202017, 52.3957638], [49.4508882, 52.3453622], [49.3039707, 52.3798179], [49.3149983, 52.4110755], [49.3521398, 52.4647338], [49.1653245, 52.4731669], [49.1476425, 52.479993], [49.1368501, 52.4787817], [49.1261021, 52.4812498], [48.9565688, 52.4719931], [48.8342477, 52.5476684], [48.5882122, 52.6263244], [48.5529624, 52.6592183], [48.5241303, 52.6640426], [48.4967033, 52.6752152], [48.3944143, 52.66398], [48.3629173, 52.7275084], [48.5094883, 52.835042], [48.5165259, 52.9522753], [48.3665715, 52.9860013], [48.3506496, 52.996599], [48.3573236, 53.0418039], [48.2045075, 53.0305652], [48.1806106, 53.0349014], [48.1368428, 53.0505278], [48.1953522, 53.114311], [48.2005036, 53.1377243], [48.1938044, 53.1403511], [48.1838476, 53.1445129], [48.1486172, 53.1702046], [48.1108116, 53.1881511], [48.111479, 53.200845], [48.1001366, 53.2538659], [48.0685967, 53.2661071], [48.0306816, 53.292254], [47.9471345, 53.3390682], [47.9567528, 53.3812306], [47.9914941, 53.398745], [48.0233626, 53.4495751], [48.0859121, 53.4792983], [48.1069092, 53.4819349], [48.1194778, 53.4792405], [48.1380338, 53.4873379], [48.1444666, 53.4740279], [48.1798277, 53.4692292], [48.2087087, 53.489737], [48.2344787, 53.4811429], [48.2580655, 53.4728101], [48.2656821, 53.4729178], [48.2989522, 53.4762221], [48.326824, 53.4769508], [48.3580336, 53.4708032], [48.3766517, 53.5375606], [48.4153411, 53.5618971], [48.4636598, 53.5644594], [48.3930663, 53.5822483], [48.3674897, 53.6433031], [48.3919348, 53.6466963], [48.4186068, 53.6302677], [48.4001533, 53.6451329], [48.4189488, 53.6553143], [48.4845034, 53.6487745], [48.4932976, 53.6508767], [48.5264156, 53.6679118], [48.5114841, 53.6729623], [48.5141582, 53.6767354], [48.516388, 53.6778225], [48.5141457, 53.6811656], [48.5175287, 53.6835053], [48.5025154, 53.7018562], [48.5044896, 53.7161055], [48.51479, 53.7197697], [48.5116999, 53.7270469], [48.5138458, 53.7360545], [48.5020862, 53.7411945], [48.4935025, 53.7390062], [48.4883523, 53.7351385], [48.4827729, 53.7384464], [48.4878372, 53.7429757], [48.4818287, 53.7491334], [48.5089677, 53.7607382], [48.5345001, 53.7583436], [48.6107744, 53.7204151], [48.6573264, 53.7227124], [48.758204, 53.7352588], [48.83797, 53.7171057], [49.1544441, 53.8779708], [49.2480062, 53.8381274], [49.4205542, 53.8593024], [49.4244011, 53.8593743], [49.4710469, 53.8521441]]]]}}, {"type": "Feature", "properties": {"name": "Нижегородская область"}, "geometry": {"type": "MultiPolygon", "coordinates": [[[[43.2112233, 54.8917343], [43.1686207, 54.8959423], [43.1596638, 54.8851359], [43.1550619, 54.8769614], [43.1527273, 54.8729574], [43.1499774, 54.8664922], [43.1412899, 54.8587145], [43.1341738, 54.8516072], [43.1354964, 54.8353064], [43.1318345, 54.8192072], [43.1063137, 54.7865524], [43.0855571, 54.7749163], [43.0675652, 54.779194], [43.0591321, 54.7737268], [43.0540547, 54.7736851], [43.0480961, 54.772527], [43.0440165, 54.7735505], [43.0419137, 54.7755354], [42.9997636, 54.7879351], [42.9861336, 54.7903799], [42.9665851, 54.7925888], [42.944355, 54.7821152], [42.9329234, 54.7801136], [42.9179647, 54.771674], [42.8995337, 54.761097], [42.8819569, 54.7670386], [42.8478867, 54.7706085], [42.8288108, 54.7644005], [42.8178352, 54.754384], [42.7956502, 54.7580628], [42.7389357, 54.7957781], [42.7324176, 54.8004962], [42.7334127, 54.8053847], [42.736854, 54.8096342], [42.7386296, 54.8131058], [42.7288502, 54.8169897], [42.7057189, 54.8077251], [42.6974496, 54.8082523], [42.6907977, 54.809948], [42.6834244, 54.808563], [42.6768529, 54.8079972], [42.6729718, 54.8080899], [42.6520114, 54.7981401], [42.507654, 54.8353541], [42.4437863, 54.8836435], [42.4815471, 54.9884138], [42.3654, 55.0059021], [42.1590917, 54.97001], [41.9952695, 55.0252698], [42.0018559, 55.0956479], [41.9861343, 55.0991708], [41.9501696, 55.0898137], [41.9285733, 55.0776087], [41.9154497, 55.0731151], [41.9053257, 55.0675244], [41.8971463, 55.0646939], [41.8917421, 55.0628734], [41.8864009, 55.0618479], [41.8768153, 55.059678], [41.8666135, 55.0581438], [41.8588431, 55.0574313], [41.8559372, 55.0607192], [41.8551798, 55.0643262], [41.8506453, 55.07062], [41.8459498, 55.072838], [41.8396622, 55.0740999], [41.8339678, 55.074731], [41.82845, 55.0735976], [41.8225742, 55.0727232], [41.815956, 55.0708881], [41.8072256, 55.0713394], [41.814228, 55.1485754], [41.8910232, 55.2146319], [41.954178, 55.2745864], [41.9554531, 55.34939], [42.128614, 55.4268638], [42.1162494, 55.6184479], [42.2855542, 55.7706924], [42.4739683, 55.8567721], [42.4968703, 55.8729964], [42.5115269, 55.9260901], [42.5413103, 55.9573909], [42.6670764, 55.9761814], [42.6778399, 56.0839224], [42.7239311, 56.1043587], [42.7548244, 56.1078456], [42.8332901, 56.1261287], [42.8483105, 56.1352171], [42.9330003, 56.1449693], [42.9449641, 56.1415571], [42.9501912, 56.1406227], [42.9557396, 56.1406184], [42.944828, 56.1732365], [42.9035451, 56.2093895], [42.8438596, 56.1896775], [42.8062634, 56.2021321], [42.7841239, 56.2198182], [42.7744993, 56.229594], [42.7718277, 56.2328396], [42.7634132, 56.2342258], [42.7576111, 56.2337617], [42.7588465, 56.2356061], [42.7588097, 56.2384405], [42.7631192, 56.2394479], [42.7694607, 56.2414066], [42.7641689, 56.2454817], [42.7580869, 56.2481172], [42.7509924, 56.2481605], [42.7416243, 56.251301], [42.7439206, 56.2582996], [42.7415777, 56.2632978], [42.7480478, 56.26615], [42.7549678, 56.2674252], [42.758164, 56.2733182], [42.7670079, 56.2758594], [42.7749054, 56.2761351], [42.7769474, 56.2989414], [42.6127201, 56.4088742], [42.6149081, 56.4303392], [42.6532659, 56.4317237], [42.6778987, 56.4529081], [42.6474049, 56.4646882], [42.9243495, 56.5773972], [42.7992741, 56.702192], [43.0670691, 56.8253114], [43.1622678, 56.8763175], [43.2147345, 56.9786152], [43.3032346, 57.4296282], [43.3060252, 57.4429423], [43.3046909, 57.4665877], [43.3048022, 57.4794942], [43.3177078, 57.4899736], [43.3273315, 57.4962957], [43.3370089, 57.4942864], [43.3522761, 57.5037291], [43.3569901, 57.5166859], [43.3942688, 57.5421462], [43.4377474, 57.5612661], [43.4602001, 57.5795255], [43.4816537, 57.5970463], [43.5088681, 57.5730767], [43.6076741, 57.5466527], [43.6541452, 57.5164814], [43.9150105, 57.4209101], [43.9318918, 57.4282538], [43.9318066, 57.4341923], [43.9421425, 57.4328098], [43.9497181, 57.4339911], [43.9601741, 57.4326906], [43.9719068, 57.4331336], [44.3052882, 57.5137737], [44.5012287, 57.6361996], [44.7767543, 57.7579657], [44.8556107, 58.0376845], [45.5139747, 57.9759721], [45.5909842, 57.9429288], [45.6340326, 57.9231883], [45.6422765, 57.9246334], [45.6433673, 57.9215358], [45.6780064, 57.9287307], [45.6908037, 57.9334917], [45.6959708, 57.9387652], [45.7117987, 57.9428761], [45.7140339, 57.9501658], [45.7191097, 57.9551142], [45.7268623, 57.9615226], [45.7313646, 57.9655862], [45.7391788, 57.9663907], [45.7452563, 57.9718634], [45.7369699, 57.9788515], [45.7482068, 58.0139572], [45.7537866, 58.0222036], [45.7777086, 58.0256257], [45.8642096, 58.0459157], [46.0115695, 58.0567591], [46.4371777, 58.0043298], [46.4672827, 58.011073], [46.4889203, 58.0210158], [46.4949543, 58.0417369], [46.5175088, 58.0417366], [46.5205032, 58.0402256], [46.5264183, 58.0389872], [46.5324037, 58.0398453], [46.5420253, 58.0398945], [46.5515291, 58.0327293], [46.5622817, 58.0344646], [46.5687554, 58.035505], [46.5755648, 58.0313048], [46.586279, 58.027942], [47.439003, 57.9767356], [47.4536491, 57.9798252], [47.4768647, 57.9741683], [47.5047126, 57.970775], [47.5363282, 57.9642211], [47.5667312, 57.9671951], [47.6076467, 57.9538625], [47.6537786, 57.9507512], [47.6942736, 57.9430513], [47.7121157, 57.9370049], [47.7312795, 57.9328146], [47.7375054, 57.9121578], [47.7522815, 57.8973334], [47.766142, 57.8868063], [47.7482609, 57.8817442], [47.7230151, 57.8786085], [47.6984921, 57.8739067], [47.6133984, 57.8370807], [47.6047795, 57.8236397], [47.588072, 57.8126333], [47.5748509, 57.8007113], [47.5657886, 57.7979803], [47.5760598, 57.7909818], [47.5376302, 57.6834714], [47.3442588, 57.5576326], [46.9024447, 57.5157086], [46.7106474, 57.4221271], [46.7296813, 57.3613032], [46.6986273, 57.3465839], [46.8052704, 57.2736545], [46.7683349, 57.1413875], [46.754865, 57.0307666], [46.4925742, 56.9383023], [45.878556, 56.7375529], [45.8951926, 56.6810221], [45.7415718, 56.6067427], [45.7313451, 56.6117028], [45.7122499, 56.6133206], [45.6963814, 56.6143363], [45.681919, 56.6100201], [45.6696961, 56.6124701], [45.751156, 56.4553608], [45.9571985, 56.3173135], [45.9459798, 56.317518], [45.9393769, 56.3146276], [45.920693, 56.2592715], [45.9367931, 56.1874943], [45.9914755, 56.1735474], [46.0450639, 56.1074677], [46.1114549, 55.9260959], [46.1372329, 55.8935417], [46.1200104, 55.8782926], [45.9849983, 55.7534702], [45.9619111, 55.6297987], [46.08118, 55.5714618], [46.1466621, 55.5221213], [46.2658069, 55.5025328], [46.3191446, 55.4980347], [46.3920893, 55.4596173], [46.2373291, 55.3811414], [46.228986, 55.289253], [46.2090146, 55.2671844], [46.1887475, 55.2626628], [46.1765568, 55.2573867], [46.1725565, 55.2506121], [46.1515464, 55.2474162], [46.0781814, 55.2157221], [46.0663763, 55.1976722], [46.0517732, 55.1790837], [46.028887, 55.1508829], [46.0346606, 55.1360908], [46.0475552, 55.0587894], [45.9909958, 55.0139052], [45.9776154, 55.0076979], [45.9742414, 55.0021067], [45.9422842, 55.0041691], [45.8965075, 55.0052116], [45.881629, 55.0073784], [45.8671997, 55.007207], [45.8524551, 55.0106664], [45.8358516, 55.0087201], [45.816806, 55.000854], [45.8030798, 55.005625], [45.7341698, 55.0417102], [45.7248172, 55.0424013], [45.7189808, 55.0455454], [45.7195955, 55.0510673], [45.7450771, 55.0593748], [45.7589827, 55.1018578], [45.7645546, 55.1554259], [45.7497145, 55.151993], [45.7369304, 55.1477321], [45.7311788, 55.1601315], [45.7220828, 55.1843394], [45.692143, 55.1818436], [45.6282193, 55.1715036], [45.6050506, 55.1633687], [45.5681581, 55.1096131], [45.556763, 55.1005865], [45.5447463, 55.1001459], [45.5296493, 55.0982754], [45.510685, 55.1096166], [45.4793464, 55.1051981], [45.4621038, 55.0716588], [45.4560131, 55.0643371], [45.4452874, 55.0560306], [45.4400588, 55.0492957], [45.4134571, 54.9970244], [45.4225534, 54.9966313], [45.4304479, 54.9904296], [45.4355917, 54.9851135], [45.443569, 54.9825997], [45.4334498, 54.9508173], [45.2426232, 54.8803461], [45.2127659, 54.7980268], [45.220319, 54.7813534], [45.2113904, 54.7724463], [45.1432623, 54.7849677], [45.0560949, 54.6785014], [45.0520579, 54.621014], [45.0168826, 54.5474744], [45.0814916, 54.5559831], [45.1383824, 54.4894074], [45.1356598, 54.4876094], [45.1311341, 54.4859108], [45.1282209, 54.4847061], [45.1239023, 54.483232], [45.1180014, 54.4826432], [45.1150137, 54.4817048], [45.1110016, 54.4806701], [45.1078648, 54.4778497], [45.1052388, 54.4743553], [45.1031872, 54.4736172], [45.0994291, 54.4722181], [45.1002823, 54.4692014], [45.0969274, 54.4679336], [45.0903209, 54.4681541], [45.0878804, 54.4711372], [45.0855445, 54.474449], [45.0743886, 54.4729479], [45.0663931, 54.4747881], [45.0510349, 54.4745706], [45.0389861, 54.4799965], [45.0422407, 54.4853818], [45.0426534, 54.4867292], [45.0428526, 54.4878434], [45.0419533, 54.4890783], [45.0391528, 54.4894602], [45.0374025, 54.490176], [45.035877, 54.4911001], [45.0341637, 54.4917067], [45.0326354, 54.4927498], [45.0302078, 54.4940275], [45.0217588, 54.4906813], [45.0181977, 54.4785176], [45.0028737, 54.4845217], [44.9587253, 54.4846314], [44.9581488, 54.4804026], [44.9462073, 54.4766711], [44.9006408, 54.4667883], [44.8454452, 54.4808461], [44.7222365, 54.4998228], [44.6878263, 54.4852706], [44.6734122, 54.4865663], [44.6050302, 54.4743031], [44.5906208, 54.4719079], [44.58624, 54.4741032], [44.5787738, 54.4777942], [44.6033978, 54.5083891], [44.6089793, 54.5165179], [44.6183429, 54.5210653], [44.6244714, 54.5223272], [44.6179002, 54.510264], [44.6176409, 54.5058757], [44.6212266, 54.4977498], [44.6330019, 54.4993509], [44.6441539, 54.5038368], [44.6554803, 54.5091646], [44.6140366, 54.5623036], [44.5540603, 54.5255727], [44.4675757, 54.5222852], [44.4513574, 54.5275135], [44.4485265, 54.5285591], [44.4430339, 54.5293067], [44.4371129, 54.5283595], [44.1884801, 54.6037621], [43.9916568, 54.7273194], [43.9680695, 54.7333989], [43.9329626, 54.7378281], [43.7757683, 54.8288305], [43.7668482, 54.8290762], [43.7558573, 54.8265583], [43.7495896, 54.8243847], [43.7431498, 54.8218162], [43.7374021, 54.8222602], [43.7334517, 54.8203809], [43.7264993, 54.8252233], [43.7118297, 54.8282424], [43.7045374, 54.8296765], [43.690637, 54.8317491], [43.6835114, 54.8342637], [43.6706436, 54.8412328], [43.6551197, 54.8460771], [43.6143647, 54.8834068], [43.5387707, 54.9019597], [43.4854905, 54.9046233], [43.4550277, 54.9343124], [43.4269695, 54.9357899], [43.2877689, 54.9457989], [43.2867658, 54.931001], [43.2757066, 54.9249463], [43.2651142, 54.9123644], [43.2397177, 54.9197739], [43.2269528, 54.9089491], [43.2119098, 54.8978809]]]]}}, {"type": "Feature", "properties": {"name": "Мордовия"}, "geometry": {"type": "MultiPolygon", "coordinates": [[[[42.6190051, 54.524101], [42.6179431, 54.5281386], [42.617762, 54.5294737], [42.6173266, 54.5298658], [42.6173716, 54.5302578], [42.6171314, 54.5306847], [42.6162737, 54.5312103], [42.6157737, 54.5315167], [42.6135417, 54.5336793], [42.612192, 54.5332197], [42.6114349, 54.53319], [42.6097226, 54.5348447], [42.6092944, 54.5361031], [42.6090316, 54.5374353], [42.6082735, 54.5364254], [42.6068923, 54.5353191], [42.6007533, 54.53067], [42.6021909, 54.5261625], [42.604208, 54.5263991], [42.6058602, 54.5263991], [42.6078558, 54.5269843], [42.6096582, 54.5267851], [42.611289, 54.5263368], [42.6124906, 54.525764], [42.6144004, 54.5254651], [42.6190051, 54.524101]]], [[[43.1954078, 54.8930273], [43.1627056, 54.8877958], [43.1543436, 54.87793], [43.1517957, 54.8695538], [43.1416828, 54.8588049], [43.1318766, 54.8470213], [43.1326763, 54.8222222], [43.1032691, 54.7836884], [43.0765393, 54.7765086], [43.0595519, 54.7739419], [43.0520779, 54.772705], [43.0452248, 54.7733679], [43.0412525, 54.7759894], [42.989836, 54.786792], [42.9666495, 54.7950196], [42.940557, 54.7870647], [42.9186003, 54.7757355], [42.8987522, 54.762096], [42.8571403, 54.7653971], [42.8328556, 54.7652361], [42.8127122, 54.7534182], [42.7395026, 54.788745], [42.7323478, 54.8005921], [42.7354056, 54.8083373], [42.739909, 54.8126204], [42.702028, 54.8115405], [42.7011135, 54.8076417], [42.6908514, 54.8098784], [42.6808763, 54.808869], [42.6735538, 54.8079585], [42.6405351, 54.7874582], [42.46673, 54.7911215], [42.4303734, 54.7939624], [42.4118687, 54.7553698], [42.4286413, 54.725508], [42.4187176, 54.7046948], [42.484716, 54.6960162], [42.5257348, 54.6921217], [42.5753185, 54.6955726], [42.5939512, 54.6962389], [42.6288762, 54.6791498], [42.6851572, 54.571545], [42.6223303, 54.5507044], [42.6171657, 54.5487887], [42.6152158, 54.5480427], [42.6127347, 54.5479416], [42.6106185, 54.5483733], [42.608639, 54.5484799], [42.6054445, 54.5490104], [42.6034664, 54.5483547], [42.602022, 54.5483772], [42.6006782, 54.5475589], [42.5985324, 54.5460879], [42.6067124, 54.5083609], [42.5615887, 54.47154], [42.6093044, 54.4056333], [42.6236118, 54.3747089], [42.6115922, 54.3752698], [42.6011206, 54.3716698], [42.5917705, 54.3689724], [42.5854701, 54.3677929], [42.5801164, 54.3665553], [42.5752991, 54.3658052], [42.571528, 54.3657302], [42.5653267, 54.3662647], [42.5631863, 54.3682273], [42.5592703, 54.370043], [42.5537288, 54.3710211], [42.5503761, 54.3702961], [42.5476161, 54.3707586], [42.5445235, 54.3719305], [42.5401059, 54.3721414], [42.5369301, 54.371557], [42.5319171, 54.3705211], [42.5278401, 54.3681992], [42.5255603, 54.366946], [42.524077, 54.3656708], [42.5227761, 54.3639831], [42.5199437, 54.3625141], [42.5176102, 54.3623141], [42.516591, 54.3605715], [42.5151077, 54.3591383], [42.5147456, 54.3579583], [42.5127742, 54.3571549], [42.5119829, 54.3555184], [42.5102609, 54.3535895], [42.5076833, 54.3518919], [42.5066748, 54.3508352], [42.506884, 54.349633], [42.5046605, 54.3486325], [42.5030458, 54.3471239], [42.5019407, 54.3462296], [42.5001329, 54.3443581], [42.4901852, 54.3303256], [42.4894766, 54.3055406], [42.3845872, 54.2539011], [42.299197, 54.2266188], [42.2550139, 54.2393248], [42.213818, 54.2512066], [42.1956293, 54.2538226], [42.1833591, 54.2552698], [42.1729427, 54.2570899], [42.2043852, 54.2299324], [42.2564783, 54.1856842], [42.3276885, 54.1583816], [42.3848608, 54.2060925], [42.4896905, 54.2150477], [42.539317, 54.196406], [42.5753861, 54.1786371], [42.591017, 54.180558], [42.5936906, 54.1837975], [42.5967865, 54.1839124], [42.5995706, 54.184863], [42.687979, 54.1312139], [42.5741708, 54.1642201], [42.5209516, 54.1347212], [42.5473292, 54.0786107], [42.4165568, 54.1030599], [42.3011089, 54.0898964], [42.3272617, 54.1122473], [42.332605, 54.1187519], [42.2621671, 54.0874913], [42.4284411, 54.0040959], [42.4038578, 53.9347991], [42.3228757, 53.8131671], [42.3140144, 53.7990619], [42.3375669, 53.7962199], [42.3446211, 53.7909962], [42.3474589, 53.7955956], [42.3587671, 53.7971799], [42.3668057, 53.7955497], [42.3768881, 53.8007823], [42.3895508, 53.8038934], [42.4052846, 53.7990017], [42.4129155, 53.7913876], [42.4114805, 53.7824218], [42.4160483, 53.7707656], [42.4076048, 53.7645352], [42.4268925, 53.7655895], [42.4430582, 53.7694958], [42.5588699, 53.8318643], [42.5697879, 53.8097346], [42.5660149, 53.8028932], [42.6671087, 53.8016625], [42.6914786, 53.809824], [42.7390677, 53.8235528], [42.7390451, 53.8169592], [42.7324756, 53.8078031], [42.7222149, 53.7976022], [42.7182685, 53.7935279], [42.7137744, 53.785955], [42.7086611, 53.7786906], [42.7081386, 53.7701639], [42.7044945, 53.7637942], [42.7009301, 53.7510723], [42.7531251, 53.7962251], [42.855102, 53.807137], [43.0243029, 53.8238022], [43.0977404, 53.8739279], [43.1039227, 53.8718453], [43.107454, 53.8675875], [43.1069453, 53.8592524], [43.1067876, 53.8540689], [43.1134997, 53.8507358], [43.1233845, 53.8443485], [43.1265211, 53.8384089], [43.1310643, 53.8349998], [43.1381247, 53.8284061], [43.1305268, 53.8959112], [43.1416127, 53.9723705], [43.1619473, 53.970056], [43.1943274, 53.9940745], [43.2044156, 53.9916533], [43.2124887, 53.9896902], [43.2255484, 53.9898568], [43.2444834, 53.9955331], [43.2746847, 53.9975516], [43.284742, 53.9984304], [43.2878068, 54.0037348], [43.2931417, 54.0115124], [43.2995214, 54.0178081], [43.31003, 54.0237315], [43.3805418, 53.9980774], [43.486319, 53.9978892], [43.4948323, 54.0021905], [43.5038086, 54.0014491], [43.5076529, 53.9979051], [43.5104371, 53.9929566], [43.532823, 54.0125086], [43.596335, 53.9830366], [43.6073199, 53.9798025], [43.6142702, 53.9700645], [43.6158128, 53.9645102], [43.6985776, 53.9513529], [43.7089062, 53.9532039], [43.7476274, 53.9629772], [43.7926591, 53.9444155], [43.8528897, 53.9080946], [43.9301245, 53.8655452], [43.9133702, 53.8428394], [43.9062597, 53.7882878], [44.1017167, 53.7271059], [44.1347514, 53.6918149], [44.2455161, 53.6919124], [44.5213651, 53.678044], [44.5423514, 53.6711023], [44.5611493, 53.6632759], [44.7243848, 53.697298], [44.7255408, 53.7118674], [44.6281013, 53.778157], [44.5926714, 53.8458002], [44.6031365, 53.8768963], [44.6405496, 53.901673], [44.7277268, 53.889542], [44.7405132, 53.9016231], [44.7421406, 53.9077893], [44.7206044, 53.9176944], [44.8314587, 53.9632515], [44.850847, 53.961029], [44.8943531, 53.9645651], [44.9933699, 53.9630992], [45.0617498, 53.9580995], [45.1253233, 53.957282], [45.1799708, 53.9701052], [45.1867557, 53.9618871], [45.3208739, 53.8710781], [45.3379495, 53.8695632], [45.3539133, 53.8712823], [45.3636921, 53.8748232], [45.3965426, 53.8935432], [45.4766921, 53.8963664], [45.5494017, 53.9291331], [45.6951669, 53.9009867], [45.8083152, 53.9722392], [45.9071678, 54.0486846], [45.966338, 54.1426461], [46.0014832, 54.137061], [46.0205654, 54.1243013], [46.0312863, 54.1316905], [46.0419298, 54.1432008], [46.1003107, 54.1638546], [46.2430701, 54.1821706], [46.3394155, 54.1906203], [46.4276366, 54.2575994], [46.6222315, 54.2906206], [46.6884777, 54.3307146], [46.7237687, 54.3971272], [46.7097885, 54.3915591], [46.6878321, 54.4010595], [46.6656205, 54.3998219], [46.652631, 54.3998202], [46.6387168, 54.4003126], [46.6276285, 54.4032214], [46.6174595, 54.4060359], [46.6066492, 54.4047856], [46.5821991, 54.3995925], [46.5694176, 54.4010882], [46.5561999, 54.4029377], [46.5006404, 54.4691279], [46.5440546, 54.4682257], [46.5878402, 54.4882149], [46.5787259, 54.4896391], [46.5718292, 54.4911629], [46.558213, 54.4890336], [46.5447438, 54.4864709], [46.5301091, 54.482472], [46.4803969, 54.4997863], [46.4961818, 54.5080573], [46.5103444, 54.5134857], [46.5243874, 54.516895], [46.5344231, 54.5243151], [46.5340813, 54.536014], [46.5352898, 54.5438786], [46.5448993, 54.5529372], [46.5343383, 54.5578018], [46.5242907, 54.5553147], [46.5151983, 54.5536954], [46.5179057, 54.5881962], [46.5076299, 54.5844679], [46.4970353, 54.5805], [46.4838843, 54.5781267], [46.4613565, 54.5779551], [46.4188197, 54.5844644], [46.4750342, 54.6121009], [46.4968965, 54.6236777], [46.4255921, 54.6912783], [46.4427777, 54.7245893], [46.4107134, 54.7339191], [46.4460687, 54.7875717], [46.4107608, 54.7976214], [46.3161163, 54.932975], [46.2730794, 54.9754497], [46.289827, 55.0173339], [46.2797977, 55.0343981], [46.2578238, 55.0536779], [46.2357449, 55.0725554], [46.2029052, 55.0475502], [46.2077486, 55.0345969], [46.1773267, 55.006687], [46.1687643, 54.990077], [46.1301504, 54.9964851], [46.0894344, 55.0379385], [45.9822383, 55.0115849], [45.9754727, 55.002137], [45.9379643, 55.0038296], [45.888657, 55.0054579], [45.8679244, 55.0074095], [45.8478375, 55.0105669], [45.8253478, 55.0061156], [45.7994809, 55.0044958], [45.7279047, 55.0409748], [45.7193222, 55.0456425], [45.7227657, 55.0531315], [45.75589, 55.0983717], [45.7613802, 55.1556695], [45.7443141, 55.1502798], [45.7310044, 55.1577809], [45.7122192, 55.1846851], [45.6694007, 55.1838002], [45.6046244, 55.1637104], [45.568777, 55.1016174], [45.5473256, 55.1018127], [45.5252709, 55.101713], [45.4935245, 55.1117249], [45.4618422, 55.0716061], [45.4523459, 55.0611577], [45.44134, 55.0501322], [45.415862, 54.9971203], [45.4262439, 54.9939251], [45.4355095, 54.9853108], [45.4463999, 54.9835363], [45.3712384, 54.8821725], [45.2149961, 54.7963934], [45.2160254, 54.7783394], [45.1651501, 54.7812556], [45.0716278, 54.6718718], [45.0121625, 54.5710099], [45.0822617, 54.5542921], [45.1373801, 54.4884659], [45.1314654, 54.4859092], [45.1268955, 54.4846195], [45.1198377, 54.484419], [45.1148067, 54.481785], [45.1094194, 54.4791765], [45.1051146, 54.4750966], [45.1014835, 54.4739574], [45.0998074, 54.4704353], [45.0968556, 54.4679368], [45.0870098, 54.4689725], [45.0865721, 54.4737606], [45.0722145, 54.4731165], [45.0528474, 54.4752755], [45.0390564, 54.4789682], [45.041922, 54.4860679], [45.0428526, 54.4876913], [45.0416061, 54.489204], [45.0383189, 54.4897809], [45.0359852, 54.4910786], [45.0337084, 54.4919266], [45.0307229, 54.493692], [45.0197749, 54.4891332], [45.0086724, 54.4827636], [44.9605258, 54.4856648], [44.9590228, 54.4787011], [44.9252671, 54.4683378], [44.8453563, 54.4798258], [44.6885092, 54.488011], [44.677701, 54.4860162], [44.599281, 54.4741511], [44.5859009, 54.4727059], [44.5787738, 54.477842], [44.6020867, 54.516954], [44.6132356, 54.5217203], [44.6219448, 54.519938], [44.6172995, 54.5078218], [44.6193247, 54.4986562], [44.6352277, 54.500947], [44.654025, 54.5090675], [44.5921613, 54.5723028], [44.4689488, 54.5224862], [44.4517038, 54.5274643], [44.4468143, 54.5288612], [44.4390043, 54.5282611], [44.1382802, 54.6326257], [43.9771293, 54.7281675], [43.9371638, 54.7350862], [43.7734553, 54.828433], [43.757485, 54.8272949], [43.7496792, 54.8236927], [43.7399772, 54.8203821], [43.7337062, 54.8201814], [43.7228957, 54.8258665], [43.7089986, 54.8301186], [43.690465, 54.8318983], [43.6812827, 54.8379724], [43.6585466, 54.8440496], [43.5960152, 54.8984182], [43.5041063, 54.9029469], [43.4550277, 54.93387], [43.4202785, 54.9337698], [43.2838235, 54.9341222], [43.2740162, 54.9230622], [43.2454567, 54.9205417], [43.2258062, 54.9095032], [43.2014961, 54.8933991]], [[44.4713889, 53.6932904], [44.4727971, 53.6905198], [44.4733877, 53.6861349], [44.4720703, 53.6809424], [44.4737511, 53.6762337], [44.4691175, 53.674942], [44.4646202, 53.679624], [44.463848, 53.6909502], [44.4713889, 53.6932904]], [[42.6447826, 54.5610571], [42.6463052, 54.5604149], [42.6480124, 54.5606917], [42.6493194, 54.5601287], [42.649242, 54.5597916], [42.64917, 54.5594791], [42.6500636, 54.5595889], [42.653862, 54.5570198], [42.6548196, 54.5572209], [42.6557452, 54.5559354], [42.6570442, 54.55521], [42.658586, 54.5541117], [42.6587567, 54.5539895], [42.6583511, 54.5528458], [42.6581955, 54.5528022], [42.6581123, 54.5527602], [42.6580104, 54.5527478], [42.6577207, 54.5526591], [42.6576859, 54.5526327], [42.6576591, 54.5526047], [42.6576349, 54.5525425], [42.6576295, 54.5525098], [42.6576135, 54.5524802], [42.6575625, 54.5524382], [42.6573721, 54.5523729], [42.6570958, 54.5523153], [42.6567981, 54.5522998], [42.6564923, 54.5523449], [42.6561812, 54.5523822], [42.6560497, 54.5523822], [42.655988, 54.5524056], [42.6559129, 54.5524476], [42.6558593, 54.5524445], [42.6557869, 54.5523402], [42.6557547, 54.5523138], [42.6557064, 54.552306], [42.6556608, 54.5522889], [42.6556206, 54.5522624], [42.6555777, 54.5522127], [42.6554918, 54.5521816], [42.6554087, 54.5521784], [42.6554114, 54.552152], [42.6552209, 54.5521162], [42.6551056, 54.5521053], [42.6549286, 54.5521427], [42.6548213, 54.5521427], [42.654714, 54.5521302], [42.6545584, 54.5520804], [42.6544511, 54.5519747], [42.6542365, 54.5518844], [42.6535982, 54.5518876], [42.6533943, 54.5520338], [42.6531288, 54.5520447], [42.6528257, 54.5520742], [42.6524448, 54.5520182], [42.652241, 54.5520929], [42.6521873, 54.5521007], [42.6520559, 54.5520991], [42.6518252, 54.5520493], [42.6516134, 54.552026], [42.6513156, 54.5520073], [42.6512593, 54.5520073], [42.6511681, 54.5520462], [42.6511306, 54.5520696], [42.6510608, 54.5521116], [42.6510072, 54.5521116], [42.6509535, 54.5520976], [42.6509213, 54.5520711], [42.6508784, 54.552054], [42.6508114, 54.5520454], [42.6507483, 54.5520198], [42.6507215, 54.5520167], [42.6506639, 54.552019], [42.650637, 54.5520151], [42.6505861, 54.5519887], [42.6505619, 54.5519801], [42.6504882, 54.551956], [42.6504694, 54.5519218], [42.6504385, 54.5519218], [42.6503876, 54.5519156], [42.6502562, 54.5519062], [42.6502079, 54.5519187], [42.650165, 54.5519389], [42.6501113, 54.5519451], [42.6500121, 54.5519187], [42.6499584, 54.5519249], [42.6498994, 54.5519544], [42.6497412, 54.5519653], [42.6496902, 54.5519824], [42.6496553, 54.5520058], [42.6495856, 54.5520727], [42.6495481, 54.5521007], [42.6494381, 54.5521691], [42.6493764, 54.5521722], [42.6491699, 54.552194], [42.6491135, 54.552194], [42.6490599, 54.5521862], [42.6489875, 54.5521956], [42.6489419, 54.5522096], [42.6489016, 54.5522313], [42.6488802, 54.5522609], [42.6488185, 54.5523216], [42.6486039, 54.5524258], [42.6485771, 54.5524522], [42.6485288, 54.5524709], [42.6484752, 54.5524802], [42.6482177, 54.5524942], [42.6480675, 54.5525067], [42.6479387, 54.5525269], [42.6478931, 54.552544], [42.6477993, 54.5525845], [42.6475391, 54.5527011], [42.6474881, 54.5527136], [42.6473486, 54.5527602], [42.647295, 54.5527711], [42.6471823, 54.5527711], [42.647126, 54.5527665], [42.647008, 54.5527416], [42.6469597, 54.552726], [42.6467639, 54.5526933], [42.6465896, 54.552726], [42.6463777, 54.5528085], [42.6463428, 54.5528349], [42.646367, 54.5528956], [42.6463294, 54.5529173], [42.6461497, 54.5529578], [42.6456884, 54.5530511], [42.6454684, 54.553104], [42.6452646, 54.5532004], [42.6452136, 54.5532036], [42.6451117, 54.5531958], [42.6450661, 54.5532129], [42.6450607, 54.5532424], [42.6450714, 54.5532736], [42.6449963, 54.5532798], [42.6449454, 54.5532767], [42.6448595, 54.5533187], [42.6448086, 54.553314], [42.6446933, 54.5532907], [42.644543, 54.5533031], [42.6444438, 54.5533311], [42.6444063, 54.5533529], [42.644358, 54.5533653], [42.6443043, 54.5533622], [42.6442534, 54.5533513], [42.6435363, 54.5535992], [42.6430839, 54.55358], [42.6429069, 54.5536033], [42.642526, 54.5535784], [42.6423517, 54.5536018], [42.6419145, 54.5536671], [42.6418608, 54.5536593], [42.6417214, 54.5536609], [42.6416704, 54.5536718], [42.6416248, 54.5536889], [42.6415524, 54.5537511], [42.6415309, 54.5537791], [42.6415041, 54.5538055], [42.6414558, 54.5538195], [42.641421, 54.5538149], [42.6413727, 54.5537978], [42.6413459, 54.5537698], [42.6413056, 54.5537387], [42.6411822, 54.5537076], [42.6411259, 54.5537044], [42.641075, 54.5537076], [42.6410267, 54.55372], [42.6409864, 54.5537418], [42.6409328, 54.553748], [42.6408765, 54.5537418], [42.6406914, 54.5537013], [42.6406351, 54.5536982], [42.6405841, 54.5537076], [42.6405358, 54.55372], [42.6404393, 54.5537527], [42.6404312, 54.5537838], [42.6404715, 54.5538071], [42.6405063, 54.5538335], [42.6421511, 54.5548848], [42.6416825, 54.5555746], [42.6374116, 54.556154], [42.6373698, 54.5561242], [42.637204, 54.5561512], [42.6372867, 54.5565574], [42.6371347, 54.5578035], [42.6371347, 54.5578336], [42.6413988, 54.5587059], [42.6423436, 54.5593353], [42.644045, 54.5605478], [42.6447826, 54.5610571]]]]}}, {"type": "Feature", "properties": {"name": "Оренбургская область"}, "geometry": {"type": "MultiPolygon", "coordinates": [[[[52.1221943, 53.441285], [52.1008736, 53.5505541], [52.2373959, 53.6544478], [52.2658564, 53.671693], [52.2861548, 53.7496475], [52.3447073, 53.8000988], [52.408185, 53.8930118], [52.3886229, 53.9543713], [52.4072111, 54.0149329], [52.3652922, 54.1443809], [52.2942945, 54.155557], [52.3648873, 54.2959554], [52.5804062, 54.3537076], [52.6095794, 54.3627613], [52.6235684, 54.355089], [52.6234943, 54.348697], [52.6278408, 54.3421227], [52.6357213, 54.3387655], [52.7141404, 54.3548811], [52.8744228, 54.3245546], [52.9454153, 54.268671], [52.9906464, 54.318612], [53.1058867, 54.3127225], [53.1171002, 54.3112526], [53.1333304, 54.2433295], [53.0581317, 54.2308292], [52.9824409, 54.2358337], [52.9654586, 54.2112181], [53.017228, 54.1714063], [53.0754302, 54.1270047], [53.0806766, 54.1254292], [53.0934753, 54.1262524], [53.0868596, 54.1096535], [53.1984089, 54.096781], [53.2908627, 54.0761617], [53.3720991, 53.9763454], [53.5094848, 54.054889], [53.5000902, 54.0305695], [53.5192707, 54.0148169], [53.5257316, 54.006351], [53.5330803, 53.9904924], [53.5315251, 53.981689], [53.5368923, 53.9745752], [53.5489788, 53.9656434], [53.5548958, 53.9603619], [53.5629953, 53.9489786], [53.5666652, 53.940077], [53.5694888, 53.9293152], [53.5745444, 53.9160218], [53.5872396, 53.900622], [53.594859, 53.8857136], [53.5823396, 53.8779131], [53.5961773, 53.8671464], [53.5971921, 53.8571235], [53.5945272, 53.8478431], [53.6057934, 53.8298062], [53.6184633, 53.818563], [53.6203929, 53.8169264], [53.6265666, 53.8108739], [53.6264743, 53.8035333], [53.6297797, 53.7868537], [53.6357485, 53.7796731], [53.6361486, 53.767651], [53.6434859, 53.75706], [53.6496102, 53.7508008], [53.672593, 53.7491116], [53.8336208, 53.6868717], [54.0090394, 53.5253523], [54.2537106, 53.3618512], [54.2785098, 53.3861523], [54.2819123, 53.3908469], [54.2854373, 53.3966585], [54.2877008, 53.4021213], [54.2982524, 53.403079], [54.3054833, 53.4030253], [54.3187518, 53.4021683], [54.333076, 53.3955695], [54.341136, 53.3902935], [54.5632644, 53.3003237], [54.6107702, 53.2266219], [54.6137452, 53.2233052], [54.6223819, 53.2176523], [54.6410286, 53.2173407], [54.6621858, 53.2166722], [54.6782967, 53.2267488], [54.7053216, 53.2277822], [54.7472654, 53.2279965], [54.792955, 53.2445849], [54.8065688, 53.2582547], [54.8366589, 53.2737426], [54.9739247, 53.0803], [55.1550267, 52.8481767], [55.252491, 52.8252604], [55.413845, 52.7885027], [55.3154968, 52.6939844], [55.2640398, 52.6450925], [55.458795, 52.6284261], [55.545922, 52.5457913], [55.5423621, 52.4437869], [55.6041361, 52.3835432], [55.7623703, 52.3493664], [55.8852579, 52.5444422], [56.0366093, 52.5702407], [56.1239732, 52.6310627], [56.3298143, 52.5837728], [56.4234531, 52.6011057], [56.4328408, 52.5973066], [56.4413917, 52.5944521], [56.445179, 52.5838081], [56.3735877, 52.5299606], [56.4342141, 52.4455345], [56.4910769, 52.4396356], [56.4585636, 52.4232971], [56.4087782, 52.2870523], [56.3497172, 52.146463], [56.4493591, 52.185632], [56.5415871, 52.1535151], [56.6327774, 52.0909957], [56.6539854, 51.9597125], [56.6138668, 51.8536997], [56.7552457, 51.6898593], [56.874302, 51.6851942], [56.9932574, 51.7181484], [57.1264181, 51.6206432], [57.406072, 51.6890765], [57.640816, 51.7672203], [57.7477513, 51.8288068], [58.1101362, 51.7863798], [58.1363347, 51.7511854], [58.1814295, 51.7245162], [58.4230457, 51.7785671], [58.6902913, 52.0299399], [58.655116, 52.22779], [58.8932972, 52.2618493], [58.9444025, 52.3023914], [58.8985115, 52.4432941], [59.0570617, 52.3469778], [59.2467256, 52.4347799], [59.2513031, 52.4782163], [59.321305, 52.4714933], [59.5127907, 52.4034329], [60.1629979, 52.4001195], [60.003262, 51.9711508], [60.5181708, 51.7789133], [60.4858053, 51.7684637], [60.4531654, 51.7398924], [60.428938, 51.7182665], [60.3757927, 51.6968065], [60.3631932, 51.6766084], [60.3961335, 51.6639222], [60.9356265, 51.6152641], [60.9170222, 51.5784164], [60.9135997, 51.5494108], [60.9455199, 51.5088328], [60.9735811, 51.4896677], [60.9985144, 51.4720755], [61.0165435, 51.4626177], [61.0643566, 51.4640211], [61.1050519, 51.4486206], [61.1444315, 51.4560508], [61.1875776, 51.457249], [61.2353239, 51.4514111], [61.2730534, 51.4401553], [61.3422911, 51.4384868], [61.3944643, 51.4203164], [61.4400219, 51.414583], [61.6218366, 51.2886787], [61.4790037, 50.9302258], [60.886577, 50.6749819], [60.1859674, 50.8388538], [59.862003, 50.598881], [59.4606149, 50.5491217], [59.46172, 50.5798576], [59.5629783, 50.5874332], [59.537685, 50.6089108], [59.4418073, 50.6427729], [59.4054365, 50.6392348], [59.2617771, 50.6451574], [58.8621282, 50.7187702], [58.8482076, 50.7309208], [58.8498866, 50.7505019], [58.8297701, 50.7664444], [58.6964643, 50.8481894], [58.3776915, 51.0846644], [58.3136122, 51.1509903], [58.2884267, 51.1598215], [58.2727409, 51.150158], [58.2481398, 51.1451573], [58.2024778, 51.1275733], [58.1737263, 51.0858614], [58.153219, 51.0650574], [58.0939122, 51.0757348], [58.0873345, 51.1213079], [58.0272597, 51.1020783], [57.9642679, 51.0890897], [57.8898717, 51.1111951], [57.8370527, 51.112142], [57.7884638, 51.1383321], [57.747103, 50.920331], [57.5497175, 50.9295537], [57.5204533, 50.9045322], [57.4699961, 50.8821333], [57.3954951, 50.9073614], [57.3262297, 50.9407972], [57.3085058, 50.9787623], [57.2929291, 50.9983613], [57.2877759, 51.0271196], [57.2730373, 51.031044], [57.2487891, 51.027494], [57.2276758, 51.0341071], [57.0803035, 51.0742063], [56.7307799, 51.0788608], [56.7511815, 50.9808813], [56.727047, 50.9781219], [56.7143118, 50.9710218], [56.7016665, 50.9806363], [56.658347, 50.9855327], [56.6183219, 50.9865312], [56.6136539, 51.0010969], [56.6005528, 51.0097572], [56.5861139, 51.0225287], [56.5705142, 51.0349842], [56.5579186, 51.0369812], [56.5455589, 51.0434163], [56.5297232, 51.0620033], [56.5105829, 51.0816613], [56.3746443, 50.9206494], [56.1371769, 50.7535683], [55.6777771, 50.5585727], [55.1502883, 50.7944763], [55.1252103, 50.8881047], [55.1005769, 50.9051303], [55.0850844, 50.9211757], [55.0575971, 50.9267754], [55.0173211, 50.9089324], [54.7421184, 51.0155163], [54.7254592, 51.0400413], [54.707713, 51.0381252], [54.686037, 51.0376352], [54.6971673, 51.0169304], [54.6519238, 51.0281499], [54.6058541, 51.0202341], [54.5788415, 51.0075974], [54.5599884, 50.9856025], [54.572171, 50.9612717], [54.581387, 50.93706], [54.5705401, 50.9380945], [54.558776, 50.9367659], [54.5663774, 50.9227447], [54.5538139, 50.9316374], [54.535193, 50.9354909], [54.5382035, 50.9253349], [54.5573276, 50.9221838], [54.5778521, 50.9181475], [54.5911375, 50.9197017], [54.6081149, 50.9216405], [54.6263693, 50.9222828], [54.6490546, 50.9163293], [54.66526, 50.9197928], [54.670897, 50.9132537], [54.6775013, 50.9020882], [54.6832117, 50.8340839], [54.7131211, 50.6770138], [54.7218716, 50.6318795], [54.7188061, 50.6059148], [54.6297718, 50.5508781], [54.4136108, 50.6206947], [54.4627886, 50.7380666], [54.4737072, 50.7759034], [54.5007651, 50.7989044], [54.5286119, 50.8294421], [54.4239092, 50.8766414], [54.3542415, 50.8901148], [54.2869663, 50.9322256], [54.2888653, 50.9485997], [54.2449656, 50.9529288], [54.1899133, 50.9748658], [54.1730261, 50.9919339], [54.158051, 51.0099182], [54.1862869, 51.0257004], [54.1608646, 51.0662924], [54.1386908, 51.0565327], [54.1447019, 51.0988801], [54.0634525, 51.125472], [54.0553737, 51.1497873], [54.0126085, 51.1599351], [53.9694142, 51.176767], [53.8990626, 51.1801786], [53.858006, 51.1991259], [53.8306796, 51.1975594], [53.8128269, 51.2065339], [53.7824106, 51.2101971], [53.763324, 51.211669], [53.7584544, 51.2058457], [53.7413514, 51.2128586], [53.7200332, 51.2170052], [53.7087357, 51.2251561], [53.6971593, 51.2267351], [53.6868811, 51.2298324], [53.667773, 51.226211], [53.6564541, 51.2384714], [53.6633313, 51.2552074], [53.6546731, 51.2605721], [53.6507084, 51.2661019], [53.6472916, 51.2729844], [53.6332798, 51.2743671], [53.6201906, 51.2778907], [53.6131632, 51.284474], [53.6098266, 51.3016293], [53.6018443, 51.3122936], [53.6108994, 51.3243634], [53.6163497, 51.3308262], [53.6236212, 51.3361398], [53.6209478, 51.3408859], [53.6182376, 51.3425034], [53.6219716, 51.3458532], [53.6139142, 51.3554352], [53.5995161, 51.3522995], [53.5983145, 51.3589325], [53.6027241, 51.3673798], [53.6147618, 51.369195], [53.6202764, 51.3641779], [53.6319494, 51.375484], [53.6222345, 51.3789329], [53.633253, 51.3839852], [53.6287844, 51.3875472], [53.6046718, 51.3962515], [53.5669005, 51.4179774], [53.5399765, 51.4303806], [53.5156148, 51.4349961], [53.4814078, 51.443934], [53.4672775, 51.4406282], [53.4363615, 51.4408196], [53.4220809, 51.4793479], [53.3938587, 51.4896442], [53.3605779, 51.4895045], [53.3456671, 51.4893647], [53.3404605, 51.5048949], [53.3038616, 51.5025906], [53.2601332, 51.5004046], [53.1829691, 51.5224294], [53.1400966, 51.5174893], [53.0979752, 51.4877433], [53.0343962, 51.4822916], [52.970109, 51.4758636], [52.9549371, 51.4563916], [52.9274713, 51.4939205], [52.8802347, 51.4843559], [52.873398, 51.5001189], [52.8375566, 51.4863312], [52.8103983, 51.4986228], [52.7808725, 51.5088807], [52.7571832, 51.5088807], [52.7400012, 51.4951289], [52.720276, 51.4859041], [52.6903713, 51.4582301], [52.6424629, 51.4727175], [52.6226007, 51.4555358], [52.5835794, 51.4775721], [52.5543495, 51.4790906], [52.5515243, 51.490446], [52.5301085, 51.4960335], [52.5049031, 51.5058873], [52.509806, 51.5303781], [52.5021249, 51.5427007], [52.4297407, 51.6318897], [52.3843702, 51.6831874], [52.3206764, 51.7607374], [52.3323415, 51.7483636], [52.0900606, 51.6583765], [51.8641886, 51.655538], [51.8203309, 51.630458], [51.795063, 51.6091616], [51.7850143, 51.6015176], [51.7972185, 51.5962708], [51.7970106, 51.5907149], [51.738729, 51.4651675], [51.4907732, 51.4903007], [51.4657344, 51.4854284], [51.247912, 51.5322846], [51.3802243, 51.6189492], [51.252024, 51.6869272], [51.1977444, 51.6677083], [51.1803299, 51.6690678], [51.169594, 51.6739899], [51.1553555, 51.672444], [51.1272228, 51.6750068], [51.1141226, 51.673775], [51.0917345, 51.6692331], [51.0692608, 51.668965], [51.0571976, 51.6786858], [51.0439263, 51.6827161], [51.0320584, 51.6814386], [51.0131849, 51.6751003], [50.9953728, 51.675948], [50.9520441, 51.679456], [50.9246409, 51.6795551], [50.7681628, 51.7730366], [51.4337534, 52.1501779], [51.4309291, 52.3656782], [51.4620513, 52.406721], [51.4710703, 52.4252232], [51.461006, 52.510296], [51.4835663, 52.6043589], [51.8389869, 52.8694049], [51.8644912, 52.9279851], [51.9588299, 52.9511101], [52.1139483, 53.0886883], [52.0688895, 53.1523135], [52.1263323, 53.1902556], [52.1478342, 53.4157169]], [[52.2404997, 53.388787], [52.2410244, 53.3911338], [52.2395815, 53.3926983], [52.2401718, 53.3947711], [52.2416147, 53.3953186], [52.2441069, 53.3983298], [52.2458777, 53.3990337], [52.2467303, 53.4011453], [52.3143104, 53.3893283], [52.2850979, 53.3397746], [52.3077249, 53.3343838], [52.3037242, 53.3280387], [52.2260709, 53.3443303], [52.2237098, 53.3463271], [52.2230539, 53.3491069], [52.2233819, 53.3510252], [52.2275138, 53.3617115], [52.2266611, 53.363825], [52.2303995, 53.3724733], [52.2324327, 53.3734516], [52.2319736, 53.3745863], [52.2321048, 53.3774033], [52.2359087, 53.3796334], [52.2366302, 53.3817068], [52.2391224, 53.3851102], [52.2387945, 53.3860881], [52.2408932, 53.3869095], [52.2404997, 53.388787]]]]}}, {"type": "Feature", "properties": {"name": "Башкортостан"}, "geometry": {"type": "MultiPolygon", "coordinates": [[[[55.117138, 56.3513911], [55.0989486, 56.3516116], [55.0922494, 56.3474247], [55.0727882, 56.3458314], [55.0723581, 56.3388977], [55.0617165, 56.3417823], [55.0484554, 56.3438532], [55.0386121, 56.3438603], [55.0236034, 56.3393301], [55.0233379, 56.3334964], [55.0253703, 56.3252486], [55.0082726, 56.3262201], [54.9921842, 56.3264061], [54.9806392, 56.328769], [54.954696, 56.3373999], [54.8893628, 56.3869197], [54.8660633, 56.3945539], [54.8474827, 56.4057925], [54.7939341, 56.428899], [54.7946111, 56.4343355], [54.723389, 56.4401688], [54.7044238, 56.4650891], [54.6807401, 56.4959142], [54.6160203, 56.5048167], [54.555259, 56.5196404], [54.5446183, 56.5186303], [54.5392117, 56.5168774], [54.5358078, 56.5128104], [54.5384788, 56.5064798], [54.5341338, 56.5019228], [54.5372005, 56.4976052], [54.5299188, 56.4936222], [54.5288672, 56.487714], [54.5223177, 56.4826101], [54.5250818, 56.4779969], [54.5242207, 56.4711481], [54.5178451, 56.4654392], [54.5082709, 56.4648362], [54.5001585, 56.457561], [54.4959108, 56.451298], [54.4863436, 56.4454352], [54.4914308, 56.4410981], [54.4892034, 56.4349891], [54.4919264, 56.430743], [54.4889551, 56.4245834], [54.4869153, 56.4155225], [54.4813993, 56.4092594], [54.4742722, 56.4040084], [54.4648848, 56.4032645], [54.463038, 56.398574], [54.4645206, 56.3932423], [54.4608643, 56.3891278], [54.4596308, 56.3835613], [54.4547264, 56.3794588], [54.4487249, 56.3759874], [54.4442391, 56.3667078], [54.4510064, 56.3601865], [54.4553566, 56.3540024], [54.45253, 56.3484155], [54.4442889, 56.3476606], [54.4379481, 56.3499966], [54.4362964, 56.3541372], [54.4337721, 56.3572882], [54.4276542, 56.360073], [54.4203468, 56.3619216], [54.4184783, 56.3664568], [54.4182375, 56.3736218], [54.4133937, 56.3774753], [54.3606837, 56.3562647], [54.4036263, 56.2976578], [54.3967609, 56.2868363], [54.3928097, 56.2712134], [54.3854659, 56.254045], [54.264376, 56.2174297], [53.8453601, 56.044852], [53.7384254, 55.9057042], [54.018413, 55.8001357], [54.1664584, 55.7364426], [54.2417987, 55.7249111], [54.2475052, 55.6864166], [54.1974012, 55.6548964], [54.1755581, 55.6356393], [54.1565024, 55.6111651], [54.0779948, 55.585787], [53.9879187, 55.492143], [53.8993442, 55.4104899], [53.8904416, 55.3814589], [53.686497, 55.3012954], [53.3699926, 55.1762442], [53.2647398, 55.0986562], [53.3122954, 55.04299], [53.3264204, 55.0215667], [53.3801403, 55.0204688], [53.399554, 55.0099448], [53.4132083, 55.0037381], [53.4397306, 54.9912962], [53.4745303, 54.9766846], [53.4716879, 54.962708], [53.5147889, 54.9233365], [53.5414493, 54.8969763], [53.6382561, 54.8996909], [53.6167889, 54.7882191], [53.6260035, 54.7285829], [53.6198701, 54.7093119], [53.5919478, 54.6819364], [53.5614613, 54.6587084], [53.4905417, 54.6002186], [53.4750723, 54.577287], [53.4305035, 54.5311112], [53.4209514, 54.4993981], [53.4234548, 54.4551672], [53.4072419, 54.4228235], [53.3834237, 54.3725752], [53.4049543, 54.3508905], [53.4290736, 54.3337985], [53.4251646, 54.3099336], [53.4203147, 54.2987506], [53.4322422, 54.2932777], [53.440499, 54.2659334], [53.4318578, 54.2500043], [53.4260174, 54.2221307], [53.4364426, 54.2009351], [53.4378811, 54.1847779], [53.4528932, 54.1577021], [53.4680463, 54.1432826], [53.4652909, 54.1337262], [53.4645878, 54.123152], [53.4720444, 54.1146883], [53.4731427, 54.0964014], [53.4906149, 54.0710324], [53.5073529, 54.0552295], [53.5192707, 54.0148169], [53.5333123, 53.9890956], [53.5389821, 53.9728822], [53.5531879, 53.9576021], [53.5662529, 53.9370799], [53.5759614, 53.9091914], [53.5929353, 53.8786768], [53.5988346, 53.8618989], [53.6031193, 53.8361863], [53.622008, 53.8186533], [53.6264743, 53.8035333], [53.6343292, 53.7796432], [53.6440721, 53.7554358], [53.6751973, 53.7478611], [54.0604464, 53.4570092], [54.2796776, 53.3880268], [54.287571, 53.3999509], [54.3021957, 53.4020219], [54.3304146, 53.3961179], [54.5677996, 53.309498], [54.6137452, 53.2233052], [54.6431529, 53.2179574], [54.68267, 53.2262956], [54.7559024, 53.2333116], [54.8142823, 53.2629138], [55.0851471, 52.935782], [55.3859004, 52.821587], [55.2257196, 52.7410133], [55.5081349, 52.5676694], [55.5879898, 52.3893818], [55.8852579, 52.5444422], [56.1484437, 52.6317004], [56.4257598, 52.6005909], [56.4458227, 52.5929531], [56.401813, 52.4224968], [56.4860773, 52.42917], [56.2007934, 52.1628908], [56.5179328, 52.1578], [56.6590637, 51.9857451], [56.7555492, 51.7071823], [56.9932574, 51.7181484], [57.4004885, 51.7061906], [57.8443809, 51.8379125], [58.1444949, 51.739998], [58.6157873, 51.8772603], [58.8121283, 52.2507467], [58.9119004, 52.3423989], [58.8174181, 52.9399382], [58.8278577, 53.6118427], [58.958938, 53.917491], [59.3789009, 54.1729257], [59.6509247, 54.4857771], [59.9550877, 54.8686593], [59.7913992, 54.8580677], [59.3350346, 54.6812837], [58.7436746, 54.5394273], [57.9073355, 54.4215015], [57.755392, 54.5199322], [57.7510799, 54.5290584], [57.7484327, 54.5424804], [57.748976, 54.5672677], [57.4928313, 54.6645485], [57.1410877, 54.852449], [57.1904934, 54.9746325], [57.191674, 54.9846687], [57.1908771, 54.9961611], [57.1870236, 55.0087887], [57.2562331, 55.1662564], [57.8953192, 55.3003599], [57.992917, 55.150346], [58.002847, 55.137904], [57.997632, 55.133178], [57.992962, 55.127542], [57.994751, 55.119546], [57.990377, 55.11343], [57.99211, 55.096406], [57.9952073, 55.0896551], [58.001698, 55.085956], [58.003257, 55.085274], [58.006924, 55.082575], [58.009951, 55.082594], [58.012946, 55.081549], [58.014647, 55.079258], [58.017212, 55.075657], [58.020479, 55.07387], [58.025803, 55.072413], [58.0587216, 54.9199892], [58.1463444, 55.0191162], [58.1589389, 55.0463765], [58.1994156, 55.0874038], [58.1374756, 55.0933345], [58.1679968, 55.1311553], [58.2147903, 55.1439653], [58.2266113, 55.1510625], [58.2376035, 55.1577149], [58.2402587, 55.1647102], [58.2543786, 55.1690523], [58.2663994, 55.1714017], [58.2721447, 55.1676497], [58.2864952, 55.1655916], [58.3316904, 55.1543068], [58.3695415, 55.1265121], [58.530652, 55.0009325], [58.7504025, 55.0039837], [58.6242808, 55.1442951], [58.5853475, 55.1797838], [58.6263328, 55.1939437], [58.7270415, 55.1484204], [58.9113143, 55.3259348], [59.1834541, 55.3797228], [59.4837945, 55.4995655], [59.2817878, 55.5823117], [59.2986113, 55.7014535], [59.2718687, 55.7879346], [59.2637274, 55.7910536], [59.2472861, 55.7916981], [59.2216032, 55.790068], [59.2009118, 55.7887802], [59.1762801, 55.7921513], [59.1377677, 55.7887132], [59.2143776, 55.8607364], [59.2054546, 55.8754453], [59.2064781, 55.8905399], [59.2176128, 55.8965767], [59.22748, 55.8989647], [59.2339812, 55.9074033], [59.2413867, 55.9178768], [59.2458949, 55.9242682], [59.2465938, 55.9328922], [59.247023, 55.9433227], [59.259208, 56.03538], [59.3280488, 56.113315], [59.2670758, 56.1324898], [58.8303062, 56.0842292], [58.7820618, 56.0839138], [58.7596814, 56.0858191], [58.7377008, 56.0827786], [58.5261959, 56.169643], [58.3404955, 56.1202515], [57.9525166, 56.1116991], [57.6925833, 56.1349315], [57.4670692, 56.1342175], [57.4876005, 56.2126145], [57.4076346, 56.3399078], [57.392888, 56.330921], [57.2886441, 56.3002082], [57.1964565, 56.2432991], [57.2110436, 56.225982], [57.1831508, 56.1694026], [57.1624266, 56.1607885], [57.0638494, 56.1589559], [57.0496952, 56.1533851], [57.0055549, 56.1348208], [57.0016814, 56.1326998], [56.9938276, 56.1311748], [56.9883511, 56.1279893], [56.981469, 56.1246164], [56.9765732, 56.1241409], [56.972002, 56.1249059], [56.9039847, 56.1115023], [56.8826858, 56.1112882], [56.8773982, 56.1167631], [56.8698649, 56.1302108], [56.8674918, 56.1367717], [56.8662383, 56.1477358], [56.8582355, 56.1567837], [56.8515763, 56.1648524], [56.7515437, 56.2192358], [56.6677122, 56.2323984], [56.6561709, 56.2358172], [56.6562574, 56.2401311], [56.6548411, 56.2451531], [56.6464801, 56.2495025], [56.6432387, 56.2506532], [56.6483468, 56.2550142], [56.6528388, 56.2573532], [56.6465989, 56.2617376], [56.6224727, 56.2656018], [56.5171018, 56.3315608], [56.5344298, 56.3513789], [56.5326644, 56.3592136], [56.506997, 56.3785281], [56.5006045, 56.376521], [56.4953134, 56.3817448], [56.4853946, 56.3876178], [56.4030504, 56.4038011], [56.3936099, 56.3995652], [56.3814117, 56.3945317], [56.3718617, 56.3912207], [56.3640375, 56.3884949], [56.3187744, 56.3478677], [56.3129139, 56.3374664], [56.3009397, 56.3313121], [56.2923782, 56.3204372], [56.2941653, 56.3179413], [56.287083, 56.3162831], [56.282895, 56.3147777], [56.2821779, 56.3127479], [56.282028, 56.307298], [56.2860499, 56.304559], [56.1209447, 56.3083859], [56.1238694, 56.3028829], [56.1191588, 56.2994158], [56.1116954, 56.2962531], [56.0419008, 56.3321535], [56.0137655, 56.3422269], [56.0078924, 56.3445114], [56.0033057, 56.3477004], [55.9984678, 56.3508964], [55.9909809, 56.3539197], [55.9860987, 56.3560856], [55.9846555, 56.3586494], [55.9792079, 56.3603041], [55.9769457, 56.3654939], [55.9720115, 56.3668755], [55.9669954, 56.3677398], [55.9639542, 56.3682695], [55.9596133, 56.369222], [55.9572165, 56.3707487], [55.9538944, 56.3733074], [55.9519957, 56.3749255], [55.9510537, 56.3794844], [55.9476029, 56.3846788], [55.9429211, 56.3875943], [55.9427902, 56.3919851], [55.946522, 56.3984287], [55.9463412, 56.4062677], [55.9406098, 56.4106768], [55.9301534, 56.4217529], [55.925784, 56.4317792], [55.8701412, 56.4447909], [55.79018, 56.4352988], [55.7375514, 56.4339271], [55.7283066, 56.4352463], [55.7209145, 56.4348407], [55.7175408, 56.4355007], [55.7097098, 56.4354607], [55.5837984, 56.392111], [55.5353229, 56.379823], [55.5272851, 56.380444], [55.520709, 56.3780907], [55.5164517, 56.3713531], [55.5093353, 56.3647589], [55.4975209, 56.3574713], [55.4832414, 56.3485454], [55.4745079, 56.3425921], [55.4651016, 56.3361415], [55.3665769, 56.3232405], [55.3216119, 56.3157496], [55.3166796, 56.3181175], [55.3102225, 56.3204225], [55.3015696, 56.3204541], [55.2954267, 56.320467], [55.2864431, 56.3201499], [55.2771794, 56.3225515], [55.2680086, 56.3264292], [55.2604264, 56.3288456], [55.2599332, 56.3326706], [55.2157987, 56.3608046], [55.187871, 56.3579821], [55.2004764, 56.3273169], [55.1414508, 56.3151946], [55.1445659, 56.318469], [55.1444605, 56.3217946], [55.140826, 56.3273812], [55.1384914, 56.3303491], [55.1397032, 56.3333726], [55.1401397, 56.3369436], [55.1371531, 56.3412499], [55.1350795, 56.3437302], [55.1319008, 56.3453174], [55.1248631, 56.3465556], [55.1200169, 56.3487257], [55.1183679, 56.3513576]]]]}}, {"type": "Feature", "properties": {"name": "Татарстан"}, "geometry": {"type": "MultiPolygon", "coordinates": [[[[47.3465727, 54.8676815], [47.3448022, 54.8718148], [47.3450855, 54.8756493], [47.342158, 54.8758201], [47.342185, 54.8788549], [47.3439253, 54.8820602], [47.3455847, 54.8823007], [47.3456251, 54.8810823], [47.3454228, 54.8781486], [47.348013, 54.8779546], [47.3507786, 54.8794059], [47.3497533, 54.869517], [47.3498882, 54.8692297], [47.3465727, 54.8676815]]], [[[47.2968862, 54.8422974], [47.2955155, 54.8435403], [47.2947924, 54.8443979], [47.2953752, 54.8461068], [47.2940909, 54.8478653], [47.2987101, 54.849543], [47.2995303, 54.8511772], [47.3000376, 54.8520532], [47.304333, 54.8521402], [47.3084234, 54.8519103], [47.3102258, 54.8512642], [47.3123519, 54.8506925], [47.3146939, 54.8511337], [47.3164746, 54.852426], [47.3250655, 54.8525192], [47.326134, 54.8496052], [47.3296955, 54.8467841], [47.3274938, 54.8446589], [47.3243424, 54.8451809], [47.3219465, 54.8456594], [47.3221084, 54.8427076], [47.3162372, 54.843329], [47.3135607, 54.843764], [47.3124166, 54.845678], [47.3037394, 54.8469581], [47.303761, 54.8462932], [47.3026062, 54.8466536], [47.298818, 54.8464299], [47.2973934, 54.8463926], [47.2975877, 54.8444538], [47.2968862, 54.8422974]]], [[[47.2394227, 54.8429404], [47.2378754, 54.8448335], [47.2371985, 54.845971], [47.2370189, 54.8467982], [47.2429177, 54.8484725], [47.2453629, 54.8493115], [47.246247, 54.8492956], [47.2474696, 54.8487071], [47.2476492, 54.8483452], [47.2477044, 54.8481941], [47.2475317, 54.8480907], [47.2478426, 54.8478958], [47.2460743, 54.8470209], [47.2455563, 54.8472595], [47.2459983, 54.8477964], [47.2451211, 54.8485838], [47.2447481, 54.8481106], [47.24327, 54.8475498], [47.2442301, 54.8465317], [47.2466614, 54.8450921], [47.2505364, 54.8448495], [47.2518695, 54.8458875], [47.2524704, 54.8467783], [47.2540867, 54.846997], [47.2549708, 54.8473072], [47.2570292, 54.8470925], [47.2566009, 54.8459789], [47.2559586, 54.8458557], [47.2557997, 54.8457403], [47.2555649, 54.8454699], [47.2554027, 54.845345], [47.2550844, 54.8452483], [47.2542312, 54.8450548], [47.2537405, 54.8449912], [47.2535195, 54.8449047], [47.2533073, 54.8447443], [47.2531968, 54.8447112], [47.2530421, 54.844729], [47.2529669, 54.8449632], [47.2529448, 54.8451286], [47.2528254, 54.845177], [47.2526221, 54.8451719], [47.2524099, 54.8450523], [47.2521624, 54.8448385], [47.2518175, 54.8446323], [47.2514816, 54.8444898], [47.2513269, 54.8443676], [47.2512871, 54.8441843], [47.2513799, 54.8439909], [47.2513357, 54.843884], [47.2511721, 54.8438432], [47.2508583, 54.8438025], [47.2503543, 54.8438661], [47.2493553, 54.8441538], [47.2491475, 54.8441818], [47.2488469, 54.8441639], [47.2484667, 54.8439985], [47.2477727, 54.8435632], [47.2471184, 54.843245], [47.2467338, 54.843105], [47.2463757, 54.843044], [47.2458762, 54.843072], [47.2452618, 54.8432145], [47.2452529, 54.8430745], [47.2452043, 54.8429727], [47.2450982, 54.8428556], [47.242185, 54.8433061], [47.2394227, 54.8429404]]], [[[53.0768062, 56.1939692], [53.0795376, 56.1913856], [53.0725986, 56.1882112], [53.0708269, 56.1891709], [53.0683171, 56.1881374], [53.0628543, 56.1907948], [53.0627065, 56.1934523], [53.07186, 56.1986198], [53.0731889, 56.1953718], [53.0768062, 56.1939692]]], [[[53.090167, 56.2082166], [53.0968114, 56.1947077], [53.0905368, 56.1910905], [53.0883222, 56.1919763], [53.0865505, 56.1929359], [53.0856646, 56.1939694], [53.085886, 56.1951505], [53.0824163, 56.1975865], [53.0824901, 56.1985461], [53.0872884, 56.1996535], [53.0878789, 56.2006132], [53.084114, 56.2031968], [53.0835233, 56.2044517], [53.0849259, 56.2057067], [53.088543, 56.206814], [53.090167, 56.2082166]]], [[[50.9131429, 56.3076305], [50.8622038, 56.3619726], [50.8814138, 56.3702476], [50.8140273, 56.3453519], [50.8027567, 56.3409555], [50.7977369, 56.3386274], [50.7818656, 56.3287418], [50.7698701, 56.3263445], [50.7625504, 56.3267572], [50.7568614, 56.3200502], [50.7485211, 56.3177684], [50.7482656, 56.3138061], [50.5986154, 56.3522021], [50.489056, 56.4797622], [50.4999765, 56.4936427], [50.5231938, 56.503318], [50.5286269, 56.508927], [50.5218759, 56.5144358], [50.5071518, 56.5200709], [50.4268606, 56.5801074], [50.3160659, 56.6464497], [50.2029651, 56.651273], [50.1701333, 56.6349978], [50.1636287, 56.6326417], [50.188335, 56.5500563], [49.9746102, 56.4335245], [49.8138845, 56.5011655], [49.5064468, 56.4212559], [49.4053384, 56.4065121], [49.3410888, 56.3413523], [49.329858, 56.3311786], [49.3203511, 56.3324992], [49.3049636, 56.336835], [49.2266038, 56.3831332], [49.0317697, 56.2974337], [49.0396352, 56.2241193], [48.9835713, 56.1882504], [48.836562, 56.0932742], [48.6999807, 56.0566739], [48.5743995, 55.9428588], [48.4084154, 55.8486896], [48.4078266, 55.7994854], [48.4030141, 55.7794068], [48.3539838, 55.7776819], [48.2889248, 55.7808271], [48.2489122, 55.7501237], [48.2332212, 55.7120961], [48.2383387, 55.7096337], [48.2383794, 55.7043709], [48.1638155, 55.6917564], [48.1351393, 55.6547108], [48.1322394, 55.6495554], [48.128722, 55.6472139], [48.0839664, 55.6947683], [48.0861527, 55.6727408], [48.0858913, 55.6690838], [48.0852532, 55.6637315], [48.088879, 55.6604818], [48.091585, 55.6550967], [48.0330553, 55.6361363], [48.0232936, 55.6336565], [48.0169834, 55.6308936], [48.0110533, 55.6292746], [48.0819035, 55.6137363], [48.0759676, 55.6037573], [48.0733888, 55.5851665], [48.0914311, 55.5217102], [48.0656216, 55.5273513], [48.0595388, 55.522002], [48.0484158, 55.5145167], [48.0380932, 55.5157158], [48.0450944, 55.5228478], [47.981982, 55.4990905], [47.9672957, 55.4850263], [47.9646908, 55.4848451], [47.94802, 55.481933], [47.9289978, 55.4723533], [47.923023, 55.4568355], [47.9085124, 55.4584056], [47.9118108, 55.4454996], [47.9110929, 55.4288629], [47.8977554, 55.4191236], [47.874301, 55.4118907], [47.8753869, 55.3972389], [47.855427, 55.3886162], [47.8505407, 55.3824776], [47.8410398, 55.3762373], [47.8279314, 55.3703838], [47.8223706, 55.3678716], [47.8165262, 55.3674016], [47.8126958, 55.3666643], [47.8070139, 55.3669212], [47.7862447, 55.3398484], [47.7029996, 55.3506386], [47.6761401, 55.3094764], [47.7246129, 55.2349504], [47.7965962, 55.2971974], [47.9106656, 55.3211904], [48.1084932, 55.1409019], [48.076888, 55.1319373], [48.03788, 55.1086391], [48.0161771, 55.1101912], [47.9719964, 55.0991129], [47.9421755, 55.0916706], [47.9010595, 55.0788849], [48.0129236, 55.0370998], [47.9388528, 54.9538263], [47.8603637, 54.9627362], [47.8109828, 54.9636148], [47.7705805, 54.9597523], [47.7471499, 54.895394], [47.7336628, 54.8753256], [47.7393733, 54.8174576], [47.4108113, 54.8810964], [47.3688181, 54.8124263], [47.3778165, 54.7634519], [47.3201859, 54.7296693], [47.3693647, 54.6701716], [47.3574716, 54.5752916], [47.3669055, 54.569094], [47.4424752, 54.5650758], [47.4701514, 54.5611617], [47.4858634, 54.5559683], [47.4940115, 54.5482669], [47.6877268, 54.6529966], [47.8290057, 54.6904435], [47.8184272, 54.6889399], [47.7984729, 54.6900582], [47.7741804, 54.6841877], [47.9072752, 54.6962234], [47.9787051, 54.7167512], [48.1157473, 54.738985], [48.1393565, 54.728126], [48.1741838, 54.7277278], [48.1866234, 54.7296485], [48.1974308, 54.7319451], [48.2356582, 54.7200192], [48.2657486, 54.7122473], [48.2389903, 54.703151], [48.3618285, 54.6930766], [48.3513546, 54.6780879], [49.0125519, 54.7960731], [49.0617486, 54.7977431], [49.1301103, 54.8122882], [49.5076114, 54.729106], [49.4815377, 54.6886427], [49.4932198, 54.6896487], [49.5039005, 54.6896317], [49.5163542, 54.6950073], [49.52658, 54.6922915], [49.5293802, 54.6883165], [49.5356155, 54.6218037], [49.5506989, 54.6181015], [49.5648127, 54.6173514], [49.578947, 54.6161026], [49.5676599, 54.5830374], [49.5524659, 54.573167], [49.563636, 54.5631887], [49.5804143, 54.559749], [49.5886304, 54.5579851], [49.5985657, 54.558005], [49.6070643, 54.560743], [49.615536, 54.5565789], [49.6257732, 54.5571428], [49.631913, 54.5593903], [49.6411952, 54.5624963], [49.6535017, 54.5656837], [49.6603526, 54.5732531], [49.6749229, 54.5746567], [49.6846354, 54.577141], [49.7045725, 54.5776899], [49.714632, 54.5750071], [49.7273698, 54.5761198], [49.738305, 54.5760709], [49.7859002, 54.5600678], [49.8453707, 54.5423643], [50.0124922, 54.5109841], [50.3434752, 54.4626219], [50.346308, 54.487819], [50.4627544, 54.4284523], [50.7470674, 54.386376], [50.7762704, 54.3762393], [50.8658276, 54.3804725], [50.9520564, 54.3946408], [50.9607743, 54.3961811], [50.9784975, 54.3968125], [50.9925906, 54.4024534], [51.0128749, 54.4767058], [51.0726632, 54.5406347], [51.2525036, 54.6337587], [51.2947842, 54.6515026], [51.3039045, 54.6526566], [51.304696, 54.6488924], [51.311719, 54.6466701], [51.3239998, 54.651584], [51.3488315, 54.6527933], [51.3697846, 54.6621809], [51.381346, 54.6701387], [51.3908667, 54.6757467], [51.3929784, 54.6428917], [51.3896935, 54.628729], [51.3826613, 54.6148089], [51.3869024, 54.5969876], [51.5197569, 54.6509348], [51.5391739, 54.6429205], [51.5594669, 54.6319719], [51.5763073, 54.625541], [51.5867634, 54.6112966], [51.5952832, 54.5997923], [51.6226639, 54.5712516], [51.7993932, 54.5356316], [51.9437478, 54.4498055], [51.914288, 54.4269475], [52.0030248, 54.4142979], [52.0287495, 54.4229988], [52.0662232, 54.4178566], [52.0609699, 54.3775637], [52.0612093, 54.3401639], [52.1190913, 54.3887644], [52.1295645, 54.3729521], [52.1441934, 54.3637618], [52.1636419, 54.3683259], [52.1791945, 54.3780071], [52.3351688, 54.4460029], [52.3947247, 54.4285463], [52.3884037, 54.4419797], [52.4889273, 54.4380952], [52.497335, 54.4393093], [52.4944127, 54.3902255], [52.6021055, 54.3650606], [52.6233767, 54.3543941], [52.6279029, 54.3418373], [52.7202294, 54.3538446], [52.943388, 54.2705957], [53.1051948, 54.3124448], [53.1288167, 54.2603603], [52.9990279, 54.2263541], [52.9730534, 54.1806623], [53.0781678, 54.1261124], [53.0968538, 54.1252894], [53.2041608, 54.1113906], [53.4040991, 53.997322], [53.4914434, 54.0702391], [53.4692402, 54.0942729], [53.4670537, 54.1093384], [53.4657855, 54.1206554], [53.465552, 54.1296324], [53.4698439, 54.1386093], [53.4618151, 54.149458], [53.4539875, 54.1665434], [53.4375524, 54.1890508], [53.4339252, 54.202021], [53.4260174, 54.2216048], [53.4296089, 54.2457164], [53.4436942, 54.2604413], [53.4256146, 54.2855093], [53.4285984, 54.2983813], [53.4212316, 54.3049593], [53.4290062, 54.3169014], [53.4131521, 54.3440594], [53.4093043, 54.3541327], [53.3965509, 54.3814351], [53.4100763, 54.4226183], [53.4169302, 54.4573068], [53.4235888, 54.4951505], [53.4231992, 54.5298594], [53.4417492, 54.5689243], [53.4633745, 54.5873006], [53.5137661, 54.6137188], [53.5743275, 54.6683698], [53.6067695, 54.6959848], [53.6227025, 54.7092871], [53.6301806, 54.7278717], [53.6173334, 54.7868143], [53.6155762, 54.8602829], [53.5448319, 54.8905403], [53.5074209, 54.9170678], [53.4820048, 54.9509067], [53.4786073, 54.9662576], [53.4628089, 54.9851778], [53.4353922, 54.9942437], [53.408856, 55.0031737], [53.3992447, 55.0131503], [53.3789273, 55.0204213], [53.333498, 55.0214429], [53.3186542, 55.0439963], [53.2756763, 55.0762301], [53.1593701, 55.1504524], [53.6244344, 55.2230029], [53.8973272, 55.3565628], [53.8727581, 55.3952664], [53.8955521, 55.413447], [53.9664942, 55.5310012], [54.0858028, 55.5865801], [54.1549265, 55.6106706], [54.1783261, 55.6317996], [54.1957264, 55.6445807], [54.2226827, 55.6774647], [54.2614946, 55.7064824], [54.2218369, 55.7015933], [54.109614, 55.7754789], [53.9515614, 55.818597], [53.721739, 55.924153], [53.5556518, 55.9125652], [53.416416, 55.8515162], [53.248759, 55.8844395], [53.217421, 55.9404128], [53.2838209, 55.9404548], [53.3044092, 55.954088], [53.323366, 55.9815196], [53.3626862, 56.0080849], [53.4415481, 56.0663841], [53.4556013, 56.080933], [53.4780474, 56.1016216], [53.4838817, 56.1112185], [53.4983745, 56.1349218], [53.558081, 56.1883445], [53.5605266, 56.222584], [53.5578888, 56.2369778], [53.5483388, 56.2382951], [53.5228883, 56.2387112], [53.3965349, 56.2635198], [53.3703409, 56.1024242], [53.2089669, 56.1047251], [53.0666623, 56.1779551], [53.0490585, 56.2200431], [53.0027622, 56.1881916], [53.0155836, 56.2098627], [52.9902308, 56.2098044], [52.9921368, 56.2592928], [52.9587739, 56.3011314], [52.9806601, 56.3287325], [52.961954, 56.3413816], [52.9776787, 56.362046], [53.007116, 56.4232069], [53.0129117, 56.4386023], [53.0897409, 56.4726411], [53.083248, 56.5253236], [53.0222497, 56.529241], [52.9612805, 56.5312867], [52.9330188, 56.4636053], [52.9437884, 56.461511], [52.952079, 56.4581441], [52.9658648, 56.4596093], [52.9593027, 56.430928], [52.9514884, 56.4350338], [52.944661, 56.4366688], [52.7434931, 56.3790446], [52.7045695, 56.3282522], [52.5916608, 56.284125], [52.7573403, 56.2003568], [52.8529961, 56.0911363], [52.7535515, 56.0643602], [52.7051227, 55.9979981], [52.4696943, 56.0736655], [52.4555671, 56.0766101], [52.4505212, 56.0703943], [52.4411716, 56.0686497], [52.434777, 56.0650013], [52.4275993, 56.0596607], [52.4426416, 56.0221072], [52.4102967, 56.0323612], [52.4057114, 56.0278798], [52.3992469, 56.0257576], [52.3916252, 56.0205167], [52.3342813, 56.0507009], [52.2368774, 56.0704157], [52.2207999, 56.0196042], [52.2078151, 56.0214207], [52.2428484, 55.9702397], [52.2449973, 55.9616741], [52.2405881, 55.9534513], [52.226665, 55.9490151], [52.1839306, 55.9222596], [52.1679871, 55.9215032], [52.0562088, 55.9080703], [52.0573178, 55.9145074], [52.0651376, 55.922386], [52.0751945, 55.9245155], [52.0785237, 55.92721], [52.0716028, 55.9296597], [52.0357221, 55.9596139], [51.7674349, 55.8974445], [51.7264399, 55.9527742], [51.6773986, 55.9409718], [51.5256752, 55.9538062], [51.5094423, 55.9525788], [51.5005696, 55.9569921], [51.4851549, 55.9570191], [51.4867589, 55.9508638], [51.4977458, 55.9437639], [51.4906644, 55.9443505], [51.4510865, 55.9282066], [51.411968, 55.9965336], [51.3995217, 56.0303153], [51.4790578, 56.0609424], [51.6360024, 56.1278285], [51.6367319, 56.1303129], [51.6393122, 56.1328675], [51.552477, 56.1392767], [51.0641651, 56.1256036], [50.9936469, 56.2029586], [50.9879553, 56.1999744], [50.9765815, 56.1978061], [50.9617163, 56.195527]], [[47.8506594, 54.773181], [47.8427739, 54.7722806], [47.8425113, 54.7718221], [47.8421539, 54.7718394], [47.8414133, 54.7715642], [47.8407808, 54.771038], [47.8393631, 54.7709037], [47.8375543, 54.7704243], [47.8373005, 54.7682532], [47.8383396, 54.7668155], [47.8393647, 54.7665985], [47.8394743, 54.7626933], [47.8401819, 54.7582909], [47.8402984, 54.7575661], [47.8416658, 54.7574894], [47.8418752, 54.7573954], [47.8419035, 54.7560197], [47.8419881, 54.7556588], [47.8422655, 54.7552504], [47.8448499, 54.7539636], [47.8457679, 54.7533271], [47.8458314, 54.7528413], [47.8466402, 54.7522335], [47.8472898, 54.7476528], [47.8480494, 54.7416192], [47.8538603, 54.7416352], [47.8515152, 54.757772], [47.8515344, 54.7580026], [47.8515479, 54.7581649], [47.8506712, 54.7668374], [47.8507957, 54.7680302], [47.8507957, 54.7691613], [47.8504666, 54.7711441], [47.8506594, 54.773181]], [[48.0557109, 54.9881467], [48.0529626, 54.9881148], [48.0519352, 54.9883526], [48.0508045, 54.9886666], [48.0506318, 54.9890877], [48.050826, 54.9920907], [48.0518031, 54.9980046], [48.0523802, 55.0027202], [48.0558503, 55.0045042], [48.05814, 55.0055366], [48.0696547, 55.011057], [48.0764236, 55.0142208], [48.0815265, 55.0161314], [48.0892296, 55.0187302], [48.0958536, 55.020308], [48.1046765, 55.022311], [48.1103696, 55.0239273], [48.1132026, 55.0246078], [48.1165341, 55.0204994], [48.116696, 55.0201281], [48.1171817, 55.019726], [48.11784, 55.0194785], [48.1183473, 55.0190144], [48.1208296, 55.0172757], [48.120441, 55.0169416], [48.1202468, 55.0166013], [48.1202468, 55.0159144], [48.1203979, 55.0149429], [48.1202036, 55.0147016], [48.1199877, 55.0143179], [48.1195776, 55.0141137], [48.1188329, 55.0138723], [48.1195884, 55.0130184], [48.1193078, 55.0127523], [48.1174731, 55.0113599], [48.1062205, 55.0036899], [48.1058035, 55.0034503], [48.1052025, 55.0034384], [48.1042217, 55.0035692], [48.1036691, 55.0035414], [48.1030958, 55.0032483], [48.1029508, 55.0028085], [48.1014105, 55.0008713], [48.1009891, 55.000594], [48.1003951, 54.9997224], [48.0999047, 54.9989221], [48.1004227, 54.9975116], [48.101369, 54.9963784], [48.1017351, 54.9954632], [48.1018733, 54.9947658], [48.1020667, 54.9942943], [48.1023429, 54.9932601], [48.102709, 54.9910608], [48.0607332, 54.9885012], [48.0583157, 54.9882733], [48.0557109, 54.9881467]], [[47.8197366, 54.9036138], [47.8197107, 54.9033209], [47.8207329, 54.9033746], [47.8211473, 54.9034922], [47.821733, 54.9033492], [47.8229708, 54.9034509], [47.8245236, 54.9040354], [47.8249159, 54.9045215], [47.8247999, 54.9051029], [47.8254851, 54.9058463], [47.8260321, 54.9059511], [47.8265073, 54.9052046], [47.826756, 54.9052046], [47.8272644, 54.9053856], [47.8274357, 54.9056334], [47.8279496, 54.9059225], [47.8284745, 54.906002], [47.8289829, 54.9059607], [47.8296847, 54.9056462], [47.8298062, 54.9054397], [47.8302207, 54.905303], [47.8307014, 54.9055286], [47.8306903, 54.9057637], [47.8311214, 54.9058018], [47.8314861, 54.9060178], [47.8319392, 54.9061163], [47.8326244, 54.9060306], [47.8328067, 54.9061036], [47.8329007, 54.9063355], [47.8333538, 54.9064848], [47.8344976, 54.9065452], [47.8346137, 54.9067199], [47.8354757, 54.9070789], [47.8360172, 54.9071679], [47.8371445, 54.9070567], [47.838197, 54.907476], [47.8388725, 54.9073073], [47.8389468, 54.9075228], [47.8393554, 54.9075447], [47.8396317, 54.9078465], [47.8399356, 54.9079021], [47.8401014, 54.9078108], [47.840799, 54.9078267], [47.8412894, 54.9081642], [47.8421459, 54.9083667], [47.8424254, 54.9086766], [47.842479, 54.9088123], [47.8426452, 54.9089464], [47.84275, 54.9089804], [47.8429051, 54.9089538], [47.8427263, 54.9094991], [47.8424927, 54.9101471], [47.8422934, 54.911145], [47.842074, 54.9125991], [47.8418863, 54.9139436], [47.8415698, 54.9153188], [47.8225905, 54.9136044], [47.821818, 54.9109247], [47.8212502, 54.9091781], [47.8197788, 54.9037712], [47.8197366, 54.9036138]]], [[[47.2972186, 54.8745501], [47.2993447, 54.8764689], [47.299226, 54.8784496], [47.3012874, 54.8794679], [47.3037804, 54.8805731], [47.3047302, 54.8810388], [47.3080435, 54.8825599], [47.3087126, 54.8828268], [47.3107093, 54.8839009], [47.3127167, 54.8853784], [47.3126036, 54.8855468], [47.312721, 54.8857494], [47.3128868, 54.8859004], [47.3127832, 54.8861507], [47.3127901, 54.8863334], [47.3129627, 54.8865758], [47.3135913, 54.8867387], [47.3139298, 54.8868777], [47.3144202, 54.8871439], [47.3148899, 54.8872949], [47.3151247, 54.8874379], [47.3156428, 54.8880617], [47.316071, 54.8882524], [47.3163266, 54.8884391], [47.3165407, 54.8885225], [47.3172176, 54.8886258], [47.3177633, 54.8887331], [47.3181294, 54.8889397], [47.3184056, 54.8890628], [47.3190549, 54.8891701], [47.3193036, 54.8892336], [47.3194279, 54.8893449], [47.3194279, 54.8896349], [47.3194832, 54.8898256], [47.3196144, 54.8899686], [47.3202222, 54.8902785], [47.3203811, 54.8904771], [47.320761, 54.8905049], [47.3210097, 54.8905446], [47.3211754, 54.8905963], [47.3213205, 54.8907035], [47.3214655, 54.890926], [47.3217432, 54.8909371], [47.3221134, 54.8910579], [47.3223068, 54.8910865], [47.322456, 54.8913121], [47.3226218, 54.8912009], [47.3228042, 54.8911564], [47.3229423, 54.8912359], [47.3230749, 54.8914806], [47.3233313, 54.8914704], [47.3235634, 54.8915435], [47.3238563, 54.8915562], [47.3240718, 54.8915213], [47.3241326, 54.891731], [47.3244641, 54.8917278], [47.3247957, 54.8917564], [47.3250333, 54.8918359], [47.3253482, 54.8917723], [47.3282545, 54.88929], [47.3296014, 54.8880336], [47.329389, 54.8876612], [47.3290781, 54.8874466], [47.3287466, 54.8872917], [47.3284496, 54.8871169], [47.3283184, 54.8868308], [47.3282217, 54.8866997], [47.3280559, 54.8866123], [47.3276553, 54.8864732], [47.3273721, 54.8862825], [47.3269438, 54.8858018], [47.3267849, 54.8855793], [47.3264672, 54.8853489], [47.3260459, 54.8851581], [47.3256453, 54.8850787], [47.325293, 54.8848562], [47.3248785, 54.8850509], [47.3227926, 54.8861037], [47.3214871, 54.8842165], [47.3138615, 54.8841768], [47.3128669, 54.8822179], [47.307493, 54.8798695], [47.3024784, 54.8759751], [47.3020065, 54.8743027], [47.3019638, 54.8743245], [47.3009725, 54.8739851], [47.3008098, 54.8738508], [47.300686, 54.8736554], [47.3008133, 54.8730836], [47.3006188, 54.8727194], [47.3001812, 54.8724605], [47.299801, 54.8720662], [47.2997082, 54.8717228], [47.2997789, 54.8715295], [47.3000309, 54.8712598], [47.3002696, 54.8711479], [47.3008266, 54.8710004], [47.3009725, 54.8708834], [47.3011405, 54.8705883], [47.3012422, 54.8705018], [47.3015383, 54.8703746], [47.3018124, 54.8701991], [47.3017991, 54.8699956], [47.3016002, 54.8698633], [47.3011979, 54.869759], [47.3009504, 54.8697463], [47.3007161, 54.8697616], [47.3005039, 54.8698379], [47.3002387, 54.8700185], [47.2999867, 54.8704815], [47.2997303, 54.8705934], [47.2995756, 54.8705476], [47.2994253, 54.8704357], [47.2992352, 54.8701228], [47.2989788, 54.869904], [47.2988064, 54.8698964], [47.2986384, 54.8698989], [47.298466, 54.8699549], [47.2982361, 54.8700796], [47.2979444, 54.8698532], [47.2970249, 54.8704255], [47.2942443, 54.8690239], [47.2920921, 54.8675326], [47.291423, 54.8694517], [47.2941427, 54.8739975], [47.2972186, 54.8745501]]], [[[47.7385926, 55.3670232], [47.7392191, 55.368075], [47.7382992, 55.3680495], [47.7369967, 55.368245], [47.7357224, 55.3686966], [47.7334153, 55.3691904], [47.7337349, 55.3696445], [47.7338647, 55.3699169], [47.7335751, 55.3701269], [47.732336, 55.3703834], [47.7333634, 55.3729246], [47.7311197, 55.3730535], [47.7316209, 55.3753405], [47.7311632, 55.3758585], [47.7166762, 55.3789458], [47.7063797, 55.3812287], [47.7077938, 55.3839769], [47.702063, 55.3869786], [47.6986208, 55.3885327], [47.6999791, 55.3902759], [47.7012175, 55.3921216], [47.7037421, 55.3960169], [47.7161696, 55.3915568], [47.717343, 55.3850487], [47.7224457, 55.3838848], [47.7386599, 55.3757384], [47.7413628, 55.371249], [47.7420345, 55.3697163], [47.7421241, 55.3694806], [47.7427986, 55.3675306], [47.7382212, 55.3663407], [47.7385926, 55.3670232]]], [[[52.1987539, 56.0635907], [52.1981792, 56.0632013], [52.2005389, 56.0597328], [52.2017802, 56.0599119], [52.2051924, 56.0579614], [52.2066364, 56.0567496], [52.2080949, 56.0565949], [52.208909, 56.0561476], [52.2085832, 56.0555881], [52.2061601, 56.0535627], [52.2050475, 56.0519797], [52.2012495, 56.0477869], [52.2016643, 56.0475625], [52.2017862, 56.0467198], [52.2014221, 56.0462499], [52.2043326, 56.044964], [52.208147, 56.0482226], [52.2143342, 56.0527775], [52.2151322, 56.0556428], [52.21681, 56.0559445], [52.2175959, 56.0558841], [52.2182692, 56.0547913], [52.2191586, 56.0545214], [52.2202199, 56.0539573], [52.2216885, 56.0538714], [52.2223992, 56.0531914], [52.2241989, 56.0529029], [52.2242585, 56.0521617], [52.2252033, 56.051268], [52.2262854, 56.0509531], [52.2261939, 56.0505446], [52.2243195, 56.0483691], [52.2268547, 56.0475117], [52.2281386, 56.0484464], [52.2260111, 56.0486637], [52.2255363, 56.048892], [52.2264225, 56.0493275], [52.2271388, 56.0505787], [52.2274464, 56.052061], [52.2258891, 56.0533957], [52.2248781, 56.0553576], [52.2234709, 56.0558319], [52.2222809, 56.0555324], [52.2223102, 56.0562622], [52.2272256, 56.0567063], [52.2291639, 56.0565226], [52.2298096, 56.0565042], [52.2299628, 56.0565574], [52.2301253, 56.0571422], [52.2300949, 56.0571754], [52.2299887, 56.0572121], [52.2293099, 56.0573491], [52.2288641, 56.0574128], [52.2259231, 56.0583176], [52.2257673, 56.0583087], [52.2256914, 56.0584024], [52.2245289, 56.0585696], [52.2247619, 56.0588506], [52.2238936, 56.059076], [52.22382, 56.0591532], [52.2257505, 56.061177], [52.2256818, 56.0625606], [52.22537, 56.0635789], [52.2255575, 56.0646276], [52.2230833, 56.0684374], [52.2225103, 56.0696215], [52.2215176, 56.0701913], [52.2217153, 56.0710481], [52.2221153, 56.0736133], [52.2203934, 56.0733446], [52.2063551, 56.0727333], [52.2094194, 56.066819], [52.213636, 56.0661649], [52.2133212, 56.0647379], [52.212631, 56.0647195], [52.2117795, 56.0627753], [52.2035413, 56.064737], [52.2031664, 56.064347], [52.2023243, 56.0649544], [52.2027607, 56.0667247], [52.2006661, 56.0675617], [52.2006976, 56.0670106], [52.2008842, 56.0667903], [52.2008519, 56.0665826], [52.2008387, 56.0662427], [52.2009346, 56.0660634], [52.2011106, 56.0659632], [52.2011885, 56.0658307], [52.2011016, 56.0656481], [52.2010119, 56.0654982], [52.200982, 56.0653694], [52.2008539, 56.0652645], [52.200802, 56.0651735], [52.2007063, 56.0649879], [52.2006517, 56.0649089], [52.2005032, 56.0648353], [52.2003035, 56.0648263], [52.2001268, 56.0648587], [52.1997025, 56.0651345], [52.1995587, 56.0650783], [52.1992231, 56.0647112], [52.1991684, 56.0644245], [52.1989233, 56.0643427], [52.1987363, 56.0642242], [52.1987496, 56.0641016], [52.1986278, 56.0640011], [52.1986889, 56.0638789], [52.1986535, 56.0637121], [52.1987539, 56.0635907]]]]}}, {"type": "Feature", "properties": {"name": "Чувашия"}, "geometry": {"type": "MultiPolygon", "coordinates": [[[[48.142601, 55.5612154], [48.0725036, 55.586953], [48.0731792, 55.6004741], [48.0749762, 55.6026425], [48.0766542, 55.6044309], [48.0790952, 55.6076686], [48.0819925, 55.6126382], [48.056445, 55.6088974], [48.0214343, 55.6054027], [48.0118811, 55.6294155], [48.0137794, 55.6299853], [48.0161681, 55.6310206], [48.0185613, 55.6317176], [48.0216112, 55.6330902], [48.0235368, 55.6338082], [48.0272107, 55.6346517], [48.0314956, 55.6355593], [48.0342028, 55.6372546], [48.0907426, 55.6522569], [48.0917194, 55.6548179], [48.0905633, 55.657193], [48.0898071, 55.6594659], [48.0881579, 55.6608467], [48.0863922, 55.6616602], [48.0852644, 55.6631891], [48.0847901, 55.6660723], [48.085076, 55.667803], [48.0863123, 55.6690548], [48.0868772, 55.6704002], [48.0866164, 55.6720259], [48.0853522, 55.673445], [48.0842623, 55.675434], [48.0839664, 55.6947683], [48.1125171, 55.6521023], [48.1252516, 55.648901], [48.1294602, 55.6463641], [48.1307919, 55.6478537], [48.1320777, 55.6493457], [48.1333604, 55.6508367], [48.1346288, 55.6529136], [48.1349149, 55.6550418], [48.1321573, 55.6560103], [48.134436, 55.6915679], [48.2344616, 55.693323], [48.2376906, 55.7029939], [48.2384917, 55.7044756], [48.2394798, 55.7057606], [48.2402904, 55.708983], [48.2375945, 55.7103613], [48.2350679, 55.7107629], [48.2333614, 55.7118898], [48.2322322, 55.7125258], [48.2539622, 55.7476777], [48.2500245, 55.7535642], [48.2772178, 55.7655672], [48.2876836, 55.7824723], [48.3147679, 55.7784726], [48.3374663, 55.769273], [48.3551176, 55.7766309], [48.3954673, 55.778346], [48.3997637, 55.7798795], [48.4051426, 55.7805258], [48.4123452, 55.7816969], [48.4112396, 55.7989326], [48.3988237, 55.8063003], [48.3814561, 55.8294668], [48.2203855, 55.8840527], [48.2108358, 55.9239978], [48.073167, 55.9466723], [47.9676648, 55.9671072], [47.9600542, 56.0165997], [47.8889461, 56.1199468], [47.6495054, 56.1380257], [47.5012069, 56.1582813], [47.4286884, 56.1803478], [47.3890326, 56.22681], [47.3732775, 56.3237835], [47.1484612, 56.2962369], [47.0848376, 56.2792138], [47.0712979, 56.2783442], [47.0594946, 56.275083], [47.049492, 56.2726343], [47.030789, 56.2668705], [47.0240056, 56.2644037], [47.0134002, 56.2619756], [47.0044226, 56.256916], [46.9990857, 56.2563052], [46.9957199, 56.256966], [46.9934043, 56.2531769], [46.9920773, 56.2517276], [46.9880374, 56.250448], [46.9849477, 56.2492567], [46.9857836, 56.2484555], [46.9851775, 56.246203], [46.9858008, 56.2443115], [46.9852387, 56.2430835], [46.9829887, 56.2416938], [46.9805785, 56.2420422], [46.9787765, 56.2414011], [46.9772579, 56.2398643], [46.9749522, 56.2404217], [46.9727579, 56.239183], [46.9694495, 56.2380523], [46.9672507, 56.2367828], [46.9664427, 56.235993], [46.9643529, 56.2356368], [46.9603822, 56.235832], [46.9562374, 56.2342563], [46.9539721, 56.2323662], [46.951938, 56.2336206], [46.9508931, 56.2325288], [46.9493467, 56.2320138], [46.9453482, 56.2308639], [46.9109419, 56.2104265], [46.7884648, 56.2083748], [46.7564872, 56.2092103], [46.7834529, 56.2023503], [46.7996088, 56.1915265], [46.7549892, 56.1598663], [46.7583362, 56.1572404], [46.757795, 56.1550724], [46.7559337, 56.1517082], [46.7544499, 56.1477618], [46.7556671, 56.144878], [46.7541049, 56.1431046], [46.7501852, 56.139782], [46.7448957, 56.1368653], [46.7405409, 56.134259], [46.7380628, 56.131551], [46.7340331, 56.1296652], [46.7287405, 56.1284487], [46.7166627, 56.1266955], [46.7109223, 56.1241129], [46.7035964, 56.1206462], [46.6965563, 56.1175384], [46.6891952, 56.112798], [46.68291, 56.1082293], [46.6773596, 56.1065781], [46.6752206, 56.1056531], [46.6734024, 56.1049779], [46.6699728, 56.1040116], [46.5799907, 56.1334141], [46.5166395, 56.1153377], [46.5123303, 56.1232528], [46.5050761, 56.1228505], [46.466032, 56.1190081], [46.4589244, 56.1165516], [46.4362284, 56.1183741], [46.3970427, 56.1181044], [46.3972216, 56.107941], [46.3085599, 56.074759], [46.2427915, 56.0659485], [46.2257238, 56.0578254], [46.220319, 56.0569145], [46.2163974, 56.0551674], [46.2117208, 56.0527399], [46.2077658, 56.050077], [46.2057258, 56.0485485], [46.2025927, 56.0446969], [46.2035039, 56.0378945], [46.1307014, 55.9819199], [46.1432699, 55.9178409], [46.1257516, 55.8998214], [46.1345149, 55.9009774], [46.1679019, 55.8920344], [46.0816331, 55.8608483], [46.0600713, 55.7824796], [45.9468049, 55.7528736], [45.9112555, 55.6882739], [45.9786769, 55.6326244], [46.0652513, 55.5968357], [46.0844773, 55.5689894], [46.0968584, 55.5416941], [46.1466621, 55.5221213], [46.2097753, 55.5383601], [46.2619577, 55.5028054], [46.3179372, 55.5008281], [46.3279125, 55.5012925], [46.3311081, 55.4779324], [46.3883552, 55.4628775], [46.3890273, 55.4305924], [46.267848, 55.4006035], [46.2059287, 55.3448615], [46.2267604, 55.2938077], [46.2235658, 55.2833522], [46.2205413, 55.2715967], [46.2029376, 55.266746], [46.2066381, 55.2608736], [46.1859627, 55.26281], [46.1793725, 55.2593882], [46.1760623, 55.2563371], [46.1731595, 55.2522493], [46.1724994, 55.2499085], [46.1664515, 55.2482509], [46.1581451, 55.2408451], [46.0959596, 55.2278569], [46.0781814, 55.2157221], [46.0745195, 55.2030695], [46.0667859, 55.1981981], [46.0575712, 55.1906081], [46.0514153, 55.1813652], [46.0475812, 55.1703597], [46.0258825, 55.1500555], [46.0351991, 55.1439507], [46.0337195, 55.1378806], [46.0389864, 55.1314658], [46.0779933, 55.0821888], [46.1377731, 55.0234464], [46.1392394, 55.0137515], [46.1424193, 55.008544], [46.1582021, 54.9753124], [46.1607619, 54.979176], [46.163001, 54.9838006], [46.1690984, 54.9925129], [46.1728294, 54.998834], [46.1743247, 55.0038678], [46.1774249, 55.0090017], [46.1795979, 55.0134937], [46.2081225, 55.0332042], [46.2043653, 55.0359784], [46.2024545, 55.0408117], [46.2032866, 55.0460109], [46.1883566, 55.0625687], [46.2053036, 55.0751955], [46.2327542, 55.0750747], [46.2472304, 55.0648947], [46.2533896, 55.0589524], [46.2578851, 55.0546363], [46.2661632, 55.0506657], [46.272856, 55.0425591], [46.279122, 55.0351364], [46.2886285, 55.0311518], [46.2935181, 55.0269197], [46.2893084, 55.0168938], [46.2873455, 55.01133], [46.278769, 55.0025723], [46.2769409, 54.9676759], [46.2806786, 54.9469078], [46.2814184, 54.9397573], [46.3276144, 54.9340265], [46.3881104, 54.886262], [46.3968138, 54.8532815], [46.4141977, 54.7959936], [46.4247496, 54.7911389], [46.4365027, 54.7910587], [46.434397, 54.7832135], [46.5678111, 54.7162514], [46.6205204, 54.6917093], [46.6289855, 54.6885591], [46.6346932, 54.6878645], [46.6427506, 54.6828533], [46.650368, 54.6776985], [46.6576744, 54.6764954], [46.6603678, 54.6738744], [46.6680551, 54.67447], [46.6733819, 54.6742404], [46.6796154, 54.6755525], [46.6858703, 54.6748639], [46.6923505, 54.6776585], [46.778886, 54.6753724], [46.8875695, 54.6494142], [47.0793561, 54.7051713], [47.1529738, 54.6709164], [47.167225, 54.6559085], [47.181633, 54.6519698], [47.1953873, 54.6598603], [47.1807271, 54.6595762], [47.2014888, 54.6610917], [47.2232039, 54.6571447], [47.2310985, 54.6628453], [47.2177518, 54.6653274], [47.2074414, 54.6825056], [47.2248328, 54.6678217], [47.2591281, 54.678589], [47.3080558, 54.7234109], [47.321515, 54.7302529], [47.3454784, 54.7391318], [47.3806093, 54.7624977], [47.371215, 54.7669193], [47.3681071, 54.7809049], [47.3680073, 54.8223265], [47.4158636, 54.855616], [47.4102221, 54.8922966], [47.4312837, 54.876575], [47.5605015, 54.8446509], [47.7376523, 54.8177826], [47.744668, 54.8123342], [47.7292938, 54.871826], [47.734302, 54.8768067], [47.7381141, 54.88827], [47.7395798, 54.9006379], [47.7873222, 54.8239329], [47.7819033, 54.8761699], [47.7863556, 54.957917], [47.8017995, 54.9602301], [47.8087886, 54.9648092], [47.8193848, 54.960845], [47.8293067, 54.9602377], [47.8603637, 54.9627362], [47.9307279, 54.9520685], [47.9302843, 54.9653044], [47.9470391, 54.9466135], [47.9925018, 54.9692175], [48.0156116, 55.0366702], [47.9754627, 55.0435127], [47.930529, 55.0266535], [47.9031581, 55.0891886], [47.9219426, 55.0878602], [47.9341906, 55.0895693], [47.9464656, 55.0922024], [47.9595136, 55.0947784], [47.97301, 55.0980013], [47.992438, 55.1009636], [48.012993, 55.1043404], [48.0183203, 55.113905], [48.0255651, 55.1177791], [48.0358351, 55.1171999], [48.0542626, 55.0922461], [48.0674273, 55.1294915], [48.0817771, 55.1336038], [48.0999809, 55.1361442], [48.1085233, 55.139799], [48.0303806, 55.2305852], [47.9826878, 55.2939991], [47.8944103, 55.3154748], [47.8667527, 55.2575953], [47.7974881, 55.2991028], [47.7886542, 55.2976391], [47.7896787, 55.2500426], [47.7340154, 55.2375542], [47.6794379, 55.2326965], [47.6934664, 55.2750447], [47.6807497, 55.324039], [47.684421, 55.3483626], [47.6977542, 55.3567909], [47.7197704, 55.3484089], [47.7594798, 55.3419109], [47.7903189, 55.3389331], [47.8031607, 55.3663907], [47.8058751, 55.3668714], [47.8085275, 55.3671275], [47.8112237, 55.366772], [47.8126287, 55.3666274], [47.8142087, 55.3673746], [47.8158045, 55.3673102], [47.8176031, 55.3671145], [47.8194367, 55.3673626], [47.8218314, 55.3679381], [47.8238722, 55.3685675], [47.8263916, 55.3693137], [47.8280954, 55.3707478], [47.8369972, 55.3733715], [47.8410871, 55.3756832], [47.8419087, 55.3774715], [47.844675, 55.3798457], [47.8505407, 55.3824776], [47.8530492, 55.3837219], [47.8554215, 55.3872713], [47.856276, 55.3890589], [47.8732189, 55.3920022], [47.8767609, 55.3955409], [47.8795398, 55.4012869], [47.8776363, 55.4026349], [47.8723056, 55.4123411], [47.8834469, 55.413915], [47.8933776, 55.4145901], [47.895389, 55.4211804], [47.8971732, 55.42918], [47.9127391, 55.4294038], [47.9110551, 55.4388593], [47.9145895, 55.4426758], [47.915234, 55.4466855], [47.9093646, 55.4480067], [47.9096945, 55.4568014], [47.9152883, 55.4574428], [47.9211517, 55.4602867], [47.9262854, 55.4588146], [47.9331617, 55.4692092], [47.9320834, 55.4745777], [47.9328655, 55.4761471], [47.9401372, 55.4791248], [47.9491996, 55.4823161], [47.9522184, 55.483572], [47.9619062, 55.4837868], [47.9664616, 55.4838292], [47.9677866, 55.4813986], [47.9673231, 55.4846443], [47.966579, 55.4878541], [47.9726394, 55.4911575], [47.9698108, 55.5032885], [48.0339578, 55.524096], [48.0421954, 55.5237032], [48.0427046, 55.5192766], [48.0405014, 55.5180094], [48.0371679, 55.5158347], [48.0382076, 55.5125246], [48.0425537, 55.5155594], [48.0527507, 55.512862], [48.0566783, 55.5178057], [48.0593234, 55.5220609], [48.0672677, 55.5219922], [48.064973, 55.5247191], [48.0684413, 55.5284159], [48.0802699, 55.5245765], [48.0877804, 55.5231409], [48.1055327, 55.5236414]], [[47.2394227, 54.8429404], [47.2378754, 54.8448335], [47.2371985, 54.845971], [47.2370189, 54.8467982], [47.2429177, 54.8484725], [47.2453629, 54.8493115], [47.246247, 54.8492956], [47.2474696, 54.8487071], [47.2476492, 54.8483452], [47.2477044, 54.8481941], [47.2475317, 54.8480907], [47.2478426, 54.8478958], [47.2460743, 54.8470209], [47.2455563, 54.8472595], [47.2459983, 54.8477964], [47.2451211, 54.8485838], [47.2447481, 54.8481106], [47.24327, 54.8475498], [47.2442301, 54.8465317], [47.2466614, 54.8450921], [47.2505364, 54.8448495], [47.2518695, 54.8458875], [47.2524704, 54.8467783], [47.2540867, 54.846997], [47.2549708, 54.8473072], [47.2570292, 54.8470925], [47.2566009, 54.8459789], [47.2559586, 54.8458557], [47.2557997, 54.8457403], [47.2555649, 54.8454699], [47.2554027, 54.845345], [47.2550844, 54.8452483], [47.2542312, 54.8450548], [47.2537405, 54.8449912], [47.2535195, 54.8449047], [47.2533073, 54.8447443], [47.2531968, 54.8447112], [47.2530421, 54.844729], [47.2529669, 54.8449632], [47.2529448, 54.8451286], [47.2528254, 54.845177], [47.2526221, 54.8451719], [47.2524099, 54.8450523], [47.2521624, 54.8448385], [47.2518175, 54.8446323], [47.2514816, 54.8444898], [47.2513269, 54.8443676], [47.2512871, 54.8441843], [47.2513799, 54.8439909], [47.2513357, 54.843884], [47.2511721, 54.8438432], [47.2508583, 54.8438025], [47.2503543, 54.8438661], [47.2493553, 54.8441538], [47.2491475, 54.8441818], [47.2488469, 54.8441639], [47.2484667, 54.8439985], [47.2477727, 54.8435632], [47.2471184, 54.843245], [47.2467338, 54.843105], [47.2463757, 54.843044], [47.2458762, 54.843072], [47.2452618, 54.8432145], [47.2452529, 54.8430745], [47.2452043, 54.8429727], [47.2450982, 54.8428556], [47.242185, 54.8433061], [47.2394227, 54.8429404]], [[47.2968862, 54.8422974], [47.2955155, 54.8435403], [47.2947924, 54.8443979], [47.2953752, 54.8461068], [47.2940909, 54.8478653], [47.2987101, 54.849543], [47.2995303, 54.8511772], [47.3000376, 54.8520532], [47.304333, 54.8521402], [47.3084234, 54.8519103], [47.3102258, 54.8512642], [47.3123519, 54.8506925], [47.3146939, 54.8511337], [47.3164746, 54.852426], [47.3250655, 54.8525192], [47.326134, 54.8496052], [47.3296955, 54.8467841], [47.3274938, 54.8446589], [47.3243424, 54.8451809], [47.3219465, 54.8456594], [47.3221084, 54.8427076], [47.3162372, 54.843329], [47.3135607, 54.843764], [47.3124166, 54.845678], [47.3037394, 54.8469581], [47.303761, 54.8462932], [47.3026062, 54.8466536], [47.298818, 54.8464299], [47.2973934, 54.8463926], [47.2975877, 54.8444538], [47.2968862, 54.8422974]], [[47.3465727, 54.8676815], [47.3448022, 54.8718148], [47.3450855, 54.8756493], [47.342158, 54.8758201], [47.342185, 54.8788549], [47.3439253, 54.8820602], [47.3455847, 54.8823007], [47.3456251, 54.8810823], [47.3454228, 54.8781486], [47.348013, 54.8779546], [47.3507786, 54.8794059], [47.3497533, 54.869517], [47.3498882, 54.8692297], [47.3465727, 54.8676815]], [[47.7385926, 55.3670232], [47.7392191, 55.368075], [47.7382992, 55.3680495], [47.7369967, 55.368245], [47.7357224, 55.3686966], [47.7334153, 55.3691904], [47.7337349, 55.3696445], [47.7338647, 55.3699169], [47.7335751, 55.3701269], [47.732336, 55.3703834], [47.7333634, 55.3729246], [47.7311197, 55.3730535], [47.7316209, 55.3753405], [47.7311632, 55.3758585], [47.7166762, 55.3789458], [47.7063797, 55.3812287], [47.7077938, 55.3839769], [47.702063, 55.3869786], [47.6986208, 55.3885327], [47.6999791, 55.3902759], [47.7012175, 55.3921216], [47.7037421, 55.3960169], [47.7161696, 55.3915568], [47.717343, 55.3850487], [47.7224457, 55.3838848], [47.7386599, 55.3757384], [47.7413628, 55.371249], [47.7420345, 55.3697163], [47.7421241, 55.3694806], [47.7427986, 55.3675306], [47.7382212, 55.3663407], [47.7385926, 55.3670232]], [[47.2972186, 54.8745501], [47.2993447, 54.8764689], [47.299226, 54.8784496], [47.3012874, 54.8794679], [47.3037804, 54.8805731], [47.3047302, 54.8810388], [47.3080435, 54.8825599], [47.3087126, 54.8828268], [47.3107093, 54.8839009], [47.3127167, 54.8853784], [47.3126036, 54.8855468], [47.312721, 54.8857494], [47.3128868, 54.8859004], [47.3127832, 54.8861507], [47.3127901, 54.8863334], [47.3129627, 54.8865758], [47.3135913, 54.8867387], [47.3139298, 54.8868777], [47.3144202, 54.8871439], [47.3148899, 54.8872949], [47.3151247, 54.8874379], [47.3156428, 54.8880617], [47.316071, 54.8882524], [47.3163266, 54.8884391], [47.3165407, 54.8885225], [47.3172176, 54.8886258], [47.3177633, 54.8887331], [47.3181294, 54.8889397], [47.3184056, 54.8890628], [47.3190549, 54.8891701], [47.3193036, 54.8892336], [47.3194279, 54.8893449], [47.3194279, 54.8896349], [47.3194832, 54.8898256], [47.3196144, 54.8899686], [47.3202222, 54.8902785], [47.3203811, 54.8904771], [47.320761, 54.8905049], [47.3210097, 54.8905446], [47.3211754, 54.8905963], [47.3213205, 54.8907035], [47.3214655, 54.890926], [47.3217432, 54.8909371], [47.3221134, 54.8910579], [47.3223068, 54.8910865], [47.322456, 54.8913121], [47.3226218, 54.8912009], [47.3228042, 54.8911564], [47.3229423, 54.8912359], [47.3230749, 54.8914806], [47.3233313, 54.8914704], [47.3235634, 54.8915435], [47.3238563, 54.8915562], [47.3240718, 54.8915213], [47.3241326, 54.891731], [47.3244641, 54.8917278], [47.3247957, 54.8917564], [47.3250333, 54.8918359], [47.3253482, 54.8917723], [47.3282545, 54.88929], [47.3296014, 54.8880336], [47.329389, 54.8876612], [47.3290781, 54.8874466], [47.3287466, 54.8872917], [47.3284496, 54.8871169], [47.3283184, 54.8868308], [47.3282217, 54.8866997], [47.3280559, 54.8866123], [47.3276553, 54.8864732], [47.3273721, 54.8862825], [47.3269438, 54.8858018], [47.3267849, 54.8855793], [47.3264672, 54.8853489], [47.3260459, 54.8851581], [47.3256453, 54.8850787], [47.325293, 54.8848562], [47.3248785, 54.8850509], [47.3227926, 54.8861037], [47.3214871, 54.8842165], [47.3138615, 54.8841768], [47.3128669, 54.8822179], [47.307493, 54.8798695], [47.3024784, 54.8759751], [47.3020065, 54.8743027], [47.3019638, 54.8743245], [47.3009725, 54.8739851], [47.3008098, 54.8738508], [47.300686, 54.8736554], [47.3008133, 54.8730836], [47.3006188, 54.8727194], [47.3001812, 54.8724605], [47.299801, 54.8720662], [47.2997082, 54.8717228], [47.2997789, 54.8715295], [47.3000309, 54.8712598], [47.3002696, 54.8711479], [47.3008266, 54.8710004], [47.3009725, 54.8708834], [47.3011405, 54.8705883], [47.3012422, 54.8705018], [47.3015383, 54.8703746], [47.3018124, 54.8701991], [47.3017991, 54.8699956], [47.3016002, 54.8698633], [47.3011979, 54.869759], [47.3009504, 54.8697463], [47.3007161, 54.8697616], [47.3005039, 54.8698379], [47.3002387, 54.8700185], [47.2999867, 54.8704815], [47.2997303, 54.8705934], [47.2995756, 54.8705476], [47.2994253, 54.8704357], [47.2992352, 54.8701228], [47.2989788, 54.869904], [47.2988064, 54.8698964], [47.2986384, 54.8698989], [47.298466, 54.8699549], [47.2982361, 54.8700796], [47.2979444, 54.8698532], [47.2970249, 54.8704255], [47.2942443, 54.8690239], [47.2920921, 54.8675326], [47.291423, 54.8694517], [47.2941427, 54.8739975], [47.2972186, 54.8745501]]], [[[47.8506594, 54.773181], [47.8427739, 54.7722806], [47.8425113, 54.7718221], [47.8421539, 54.7718394], [47.8414133, 54.7715642], [47.8407808, 54.771038], [47.8393631, 54.7709037], [47.8375543, 54.7704243], [47.8373005, 54.7682532], [47.8383396, 54.7668155], [47.8393647, 54.7665985], [47.8394743, 54.7626933], [47.8401819, 54.7582909], [47.8402984, 54.7575661], [47.8416658, 54.7574894], [47.8418752, 54.7573954], [47.8419035, 54.7560197], [47.8419881, 54.7556588], [47.8422655, 54.7552504], [47.8448499, 54.7539636], [47.8457679, 54.7533271], [47.8458314, 54.7528413], [47.8466402, 54.7522335], [47.8472898, 54.7476528], [47.8480494, 54.7416192], [47.8538603, 54.7416352], [47.8515152, 54.757772], [47.8515344, 54.7580026], [47.8515479, 54.7581649], [47.8506712, 54.7668374], [47.8507957, 54.7680302], [47.8507957, 54.7691613], [47.8504666, 54.7711441], [47.8506594, 54.773181]]], [[[47.8197366, 54.9036138], [47.8197107, 54.9033209], [47.8207329, 54.9033746], [47.8211473, 54.9034922], [47.821733, 54.9033492], [47.8229708, 54.9034509], [47.8245236, 54.9040354], [47.8249159, 54.9045215], [47.8247999, 54.9051029], [47.8254851, 54.9058463], [47.8260321, 54.9059511], [47.8265073, 54.9052046], [47.826756, 54.9052046], [47.8272644, 54.9053856], [47.8274357, 54.9056334], [47.8279496, 54.9059225], [47.8284745, 54.906002], [47.8289829, 54.9059607], [47.8296847, 54.9056462], [47.8298062, 54.9054397], [47.8302207, 54.905303], [47.8307014, 54.9055286], [47.8306903, 54.9057637], [47.8311214, 54.9058018], [47.8314861, 54.9060178], [47.8319392, 54.9061163], [47.8326244, 54.9060306], [47.8328067, 54.9061036], [47.8329007, 54.9063355], [47.8333538, 54.9064848], [47.8344976, 54.9065452], [47.8346137, 54.9067199], [47.8354757, 54.9070789], [47.8360172, 54.9071679], [47.8371445, 54.9070567], [47.838197, 54.907476], [47.8388725, 54.9073073], [47.8389468, 54.9075228], [47.8393554, 54.9075447], [47.8396317, 54.9078465], [47.8399356, 54.9079021], [47.8401014, 54.9078108], [47.840799, 54.9078267], [47.8412894, 54.9081642], [47.8421459, 54.9083667], [47.8424254, 54.9086766], [47.842479, 54.9088123], [47.8426452, 54.9089464], [47.84275, 54.9089804], [47.8429051, 54.9089538], [47.8427263, 54.9094991], [47.8424927, 54.9101471], [47.8422934, 54.911145], [47.842074, 54.9125991], [47.8418863, 54.9139436], [47.8415698, 54.9153188], [47.8225905, 54.9136044], [47.821818, 54.9109247], [47.8212502, 54.9091781], [47.8197788, 54.9037712], [47.8197366, 54.9036138]]], [[[48.0557109, 54.9881467], [48.0529626, 54.9881148], [48.0519352, 54.9883526], [48.0508045, 54.9886666], [48.0506318, 54.9890877], [48.050826, 54.9920907], [48.0518031, 54.9980046], [48.0523802, 55.0027202], [48.0558503, 55.0045042], [48.05814, 55.0055366], [48.0696547, 55.011057], [48.0764236, 55.0142208], [48.0815265, 55.0161314], [48.0892296, 55.0187302], [48.0958536, 55.020308], [48.1046765, 55.022311], [48.1103696, 55.0239273], [48.1132026, 55.0246078], [48.1165341, 55.0204994], [48.116696, 55.0201281], [48.1171817, 55.019726], [48.11784, 55.0194785], [48.1183473, 55.0190144], [48.1208296, 55.0172757], [48.120441, 55.0169416], [48.1202468, 55.0166013], [48.1202468, 55.0159144], [48.1203979, 55.0149429], [48.1202036, 55.0147016], [48.1199877, 55.0143179], [48.1195776, 55.0141137], [48.1188329, 55.0138723], [48.1195884, 55.0130184], [48.1193078, 55.0127523], [48.1174731, 55.0113599], [48.1062205, 55.0036899], [48.1058035, 55.0034503], [48.1052025, 55.0034384], [48.1042217, 55.0035692], [48.1036691, 55.0035414], [48.1030958, 55.0032483], [48.1029508, 55.0028085], [48.1014105, 55.0008713], [48.1009891, 55.000594], [48.1003951, 54.9997224], [48.0999047, 54.9989221], [48.1004227, 54.9975116], [48.101369, 54.9963784], [48.1017351, 54.9954632], [48.1018733, 54.9947658], [48.1020667, 54.9942943], [48.1023429, 54.9932601], [48.102709, 54.9910608], [48.0607332, 54.9885012], [48.0583157, 54.9882733], [48.0557109, 54.9881467]]], [[[47.3555895, 54.6273954], [47.3493806, 54.6331373], [47.3453069, 54.6380067], [47.3305794, 54.6567573], [47.33398, 54.6619474], [47.334299, 54.6673927], [47.3281802, 54.6692325], [47.3172669, 54.6704203], [47.317029, 54.6704462], [47.3065998, 54.6715813], [47.3043273, 54.6721705], [47.303664, 54.6723425], [47.2978134, 54.6738593], [47.2959201, 54.6743502], [47.2908087, 54.6742674], [47.2927797, 54.6744993], [47.296458, 54.6764175], [47.3000517, 54.6767662], [47.3368874, 54.6871964], [47.3553734, 54.6932452], [47.370814, 54.6979043], [47.3697944, 54.6907186], [47.3650116, 54.6725276], [47.3693647, 54.6701716], [47.3751358, 54.6610649], [47.3747071, 54.660917], [47.373497, 54.6597767], [47.3735207, 54.6553392], [47.3915612, 54.6530392], [47.3918008, 54.650293], [47.3942304, 54.6461482], [47.4016952, 54.6395578], [47.4052866, 54.6383929], [47.4019724, 54.636079], [47.3933991, 54.6325783], [47.3613106, 54.6295297], [47.358075, 54.6280267], [47.3555895, 54.6273954]]]]}}, {"type": "Feature", "properties": {"name": "Марий Эл"}, "geometry": {"type": "MultiPolygon", "coordinates": [[[[45.6694118, 56.6137769], [45.670592, 56.6121271], [45.6731218, 56.6129539], [45.6783636, 56.6126782], [45.6822896, 56.6102197], [45.6862647, 56.6107691], [45.6880666, 56.613645], [45.6963814, 56.6143363], [45.7017475, 56.6148848], [45.7090506, 56.6144131], [45.7114942, 56.6135756], [45.7156096, 56.6141914], [45.7238574, 56.6135499], [45.7319153, 56.6122513], [45.7352869, 56.6093461], [45.7375061, 56.6086063], [45.7429676, 56.6076166], [45.7486899, 56.6145203], [45.9533037, 56.6561488], [45.9121743, 56.6779767], [45.9189622, 56.70399], [45.8619895, 56.7063017], [45.8651951, 56.7280394], [45.9262418, 56.7622151], [46.1491875, 56.8792384], [46.4864373, 56.9397773], [46.50708, 56.9133749], [46.6615415, 56.9415732], [46.8193381, 56.9211487], [46.9103841, 56.9457774], [46.9667163, 56.9420023], [47.1192616, 56.9148412], [47.1347021, 56.8804364], [47.1157636, 56.8233613], [47.2272044, 56.8164279], [47.2503765, 56.8129839], [47.2643838, 56.8072208], [47.2665063, 56.816169], [47.3836333, 56.8666883], [47.5084023, 56.8519825], [47.5649071, 56.9251731], [47.6186749, 56.9449435], [47.6927844, 56.981153], [47.8343281, 56.9956673], [47.908888, 56.9651631], [47.9877324, 56.9825681], [48.0770372, 57.0033824], [48.1489296, 57.0070319], [48.1932991, 57.0468808], [48.1394738, 57.0650763], [48.2696425, 57.1336554], [48.3729276, 57.1627176], [48.3784579, 57.1265663], [48.4278753, 57.1131516], [48.5810644, 57.172133], [48.654409, 57.1499113], [48.7396304, 57.1691151], [48.8200844, 57.1659396], [48.8365195, 57.136185], [48.8634886, 57.1138692], [48.8588244, 57.1151958], [48.8615924, 57.1076805], [48.8524729, 57.1070993], [48.8764422, 57.0907912], [48.9650578, 57.0963897], [48.9925448, 57.17132], [49.0215049, 57.1865369], [49.0387868, 57.2069243], [49.0119568, 57.2266264], [49.0097742, 57.2645613], [49.0190877, 57.2909614], [49.0480135, 57.3001797], [49.05414, 57.2981799], [49.0598042, 57.2982278], [49.0651945, 57.297356], [49.071647, 57.2954535], [49.0779477, 57.2953393], [49.0836249, 57.2950089], [49.0823102, 57.3032739], [49.1175654, 57.3222132], [49.1507765, 57.3299186], [49.1602597, 57.3373393], [49.1770596, 57.3421378], [49.1722375, 57.33366], [49.1763731, 57.3257545], [49.1986519, 57.3120947], [49.2164072, 57.3043772], [49.2115426, 57.3006607], [49.2129068, 57.2890994], [49.2042592, 57.2823331], [49.1849159, 57.2801385], [49.1912653, 57.2722005], [49.1900308, 57.2594156], [49.1951323, 57.2409713], [49.198743, 57.223496], [49.1924448, 57.2193022], [49.1849727, 57.201784], [49.1628867, 57.1543852], [49.1798609, 57.156653], [49.1825133, 57.1576814], [49.1864416, 57.157511], [49.1876508, 57.1575518], [49.1918854, 57.1577617], [49.1965877, 57.1582046], [49.2088558, 57.1561372], [49.2195541, 57.1193212], [49.2081838, 57.107141], [49.2218723, 57.085762], [49.2357418, 57.0780427], [49.232963, 57.076996], [49.2344356, 57.0756475], [49.2308038, 57.0727915], [49.2312786, 57.070081], [49.234001, 57.0684814], [49.2372251, 57.0676911], [49.2383963, 57.0662903], [49.2401326, 57.0649205], [49.242788, 57.063083], [49.2402318, 57.0625507], [49.240382, 57.0610602], [49.2429408, 57.0601093], [49.2380431, 57.0603135], [49.2389336, 57.0585341], [49.242174, 57.0565521], [49.2422059, 57.0578369], [49.2445332, 57.0580534], [49.2472458, 57.0573322], [49.2469414, 57.0563529], [49.2489597, 57.0570172], [49.2475677, 57.0557686], [49.2471519, 57.0544164], [49.2473987, 57.052151], [49.2420469, 57.0508174], [49.2419308, 57.0493822], [49.243047, 57.0482093], [49.2436547, 57.0472951], [49.2436368, 57.0465642], [49.2429269, 57.0462752], [49.2419179, 57.0458623], [49.2475998, 57.0420927], [49.2504126, 57.0429746], [49.2532539, 57.04169], [49.2546613, 57.0405699], [49.2608231, 57.0403037], [49.262985, 57.0391538], [49.2667937, 57.0385964], [49.2660695, 57.0375165], [49.2709619, 57.0364161], [49.2717665, 57.0373778], [49.2743066, 57.0370553], [49.2758703, 57.0361257], [49.2760983, 57.0343481], [49.3284729, 57.0395128], [49.3946574, 57.0079813], [49.4084978, 57.010058], [49.3973792, 57.0395138], [49.5006136, 57.0505982], [49.5890423, 57.0621596], [49.6451381, 57.0527021], [49.6699711, 57.0528218], [49.6742938, 57.0562571], [49.6938478, 57.0555597], [49.6914182, 57.0126877], [49.7263065, 56.939318], [49.7365265, 56.9159686], [49.7494037, 56.9048637], [49.7454776, 56.8856708], [49.8046823, 56.8803884], [49.8451993, 56.8832383], [49.8903856, 56.8816836], [49.9322559, 56.8708622], [49.9346883, 56.8702636], [49.9341536, 56.8679993], [49.9447149, 56.8640071], [49.9466306, 56.861773], [49.9453612, 56.8599454], [49.9471281, 56.8589591], [49.9488903, 56.8581127], [49.9493413, 56.8583211], [49.9513639, 56.8579068], [49.9532284, 56.8582448], [49.9533957, 56.8576297], [49.9566644, 56.8571797], [49.9567667, 56.8565595], [49.9586777, 56.8557282], [49.9621091, 56.8563027], [49.9628577, 56.8578367], [49.965322, 56.8574339], [49.9676016, 56.8565566], [49.971656, 56.857182], [49.9768752, 56.8584644], [49.9784129, 56.858683], [49.9861066, 56.8591053], [50.0289286, 56.8528246], [50.0875696, 56.7932779], [50.031407, 56.6514246], [50.0497929, 56.6424753], [50.0793668, 56.6113529], [50.1952823, 56.5866236], [50.1886355, 56.5504045], [50.1774025, 56.5418782], [50.1192621, 56.5171077], [50.0377552, 56.4622045], [49.9464818, 56.4289253], [49.9883872, 56.4887865], [49.9083315, 56.4626878], [49.7537607, 56.4542542], [49.781655, 56.5278747], [49.6364504, 56.5175103], [49.5762927, 56.4801168], [49.5493882, 56.4316803], [49.4620436, 56.422683], [49.4756819, 56.4764538], [49.4216811, 56.4628414], [49.4004132, 56.4166951], [49.3814748, 56.3492933], [49.3427521, 56.3657416], [49.3419616, 56.3430751], [49.340856, 56.341488], [49.339092, 56.3364973], [49.3344613, 56.3316621], [49.3324394, 56.3301605], [49.3298493, 56.3313827], [49.3267049, 56.3309265], [49.3233743, 56.3310634], [49.3220359, 56.3326097], [49.3195498, 56.3322375], [49.3155955, 56.3325881], [49.3120382, 56.3326009], [49.3067767, 56.3352426], [49.302097, 56.3385394], [49.288202, 56.3453748], [49.2621884, 56.347476], [49.2322678, 56.3732735], [49.1707118, 56.3693917], [49.1281805, 56.3683891], [49.0801527, 56.334948], [49.029591, 56.3026798], [48.9306134, 56.260806], [48.9860521, 56.2223773], [49.0199064, 56.2318138], [49.0401905, 56.2239539], [49.0696524, 56.2065552], [49.0486948, 56.190213], [49.0027346, 56.2010531], [48.9656257, 56.1628573], [48.9453535, 56.1383545], [48.8896192, 56.1313498], [48.845973, 56.1060503], [48.8331205, 56.0777371], [48.8316772, 56.0626538], [48.7770823, 56.0577277], [48.703848, 56.0656327], [48.706957, 56.0158701], [48.7023124, 55.9821134], [48.6563256, 55.9374734], [48.5742961, 55.9425832], [48.502506, 55.931674], [48.4002348, 55.8927783], [48.3891537, 55.8632976], [48.416005, 55.8384466], [48.3814561, 55.8294668], [48.2279311, 55.8732359], [48.2392053, 55.901689], [48.2086958, 55.9255631], [48.1083021, 55.9385556], [48.0551918, 55.9507493], [47.9834708, 55.9781169], [47.9707944, 56.0106321], [47.9306705, 56.027158], [47.8566891, 56.1205761], [47.6738777, 56.1375063], [47.6011872, 56.1419152], [47.4707426, 56.1528631], [47.4271111, 56.171936], [47.4232125, 56.22537], [47.3810141, 56.2366721], [47.3795625, 56.3233521], [47.1910971, 56.3136343], [47.110961, 56.2788672], [47.0857286, 56.2794844], [47.0759475, 56.2784994], [47.068761, 56.277352], [47.0594946, 56.275083], [47.0522547, 56.2735011], [47.0421076, 56.2697248], [47.0305234, 56.2664354], [47.0250624, 56.2656102], [47.0209104, 56.262348], [47.0126599, 56.2616419], [47.0050192, 56.2582568], [47.000653, 56.2561249], [46.9983796, 56.2565487], [46.9965471, 56.2572461], [46.9946787, 56.2535383], [46.9931237, 56.2529959], [46.9917812, 56.2521708], [46.990402, 56.2511414], [46.9869678, 56.2497946], [46.9849895, 56.2494657], [46.9860761, 56.2489703], [46.9869121, 56.2481924], [46.9848919, 56.2463036], [46.985895, 56.2456147], [46.9859773, 56.2434662], [46.9852387, 56.2430835], [46.9836366, 56.2418796], [46.9814562, 56.2413842], [46.9806203, 56.2419609], [46.9797984, 56.2419764], [46.9789018, 56.2407237], [46.9769653, 56.2394733], [46.9754398, 56.2399146], [46.9735951, 56.2401287], [46.972932, 56.239001], [46.9701596, 56.2383081], [46.9681563, 56.2372164], [46.9668676, 56.2364227], [46.966171, 56.2356988], [46.9655708, 56.234607], [46.9638013, 56.2350611], [46.9610718, 56.235712], [46.9580834, 56.2342718], [46.9560563, 56.2335052], [46.9542228, 56.23237], [46.9524744, 56.2329005], [46.9512623, 56.2330863], [46.9508931, 56.2325288], [46.9491323, 56.2325141], [46.9484759, 56.2313827], [46.9453482, 56.2307361], [46.9432445, 56.2303721], [46.8197018, 56.1952658], [46.7790156, 56.2111489], [46.7607333, 56.2103372], [46.7651832, 56.2034607], [46.7863839, 56.2037786], [46.798088, 56.1940934], [46.7548463, 56.1620412], [46.7559028, 56.159724], [46.7581241, 56.1578311], [46.761572, 56.1562624], [46.7590507, 56.1543682], [46.7571579, 56.1519717], [46.7564949, 56.149278], [46.7568282, 56.1461382], [46.7561984, 56.1449337], [46.7529152, 56.1439268], [46.752561, 56.142295], [46.7501852, 56.139782], [46.7455678, 56.1385227], [46.74238, 56.1373866], [46.7405181, 56.1340313], [46.7394719, 56.1312166], [46.7365466, 56.1311927], [46.7338571, 56.1295236], [46.7303906, 56.1285353], [46.7233431, 56.1277795], [46.7157968, 56.1268106], [46.712321, 56.1245546], [46.7074788, 56.1236711], [46.7012452, 56.1198145], [46.6974621, 56.1180768], [46.6934592, 56.1160791], [46.6892582, 56.1115157], [46.6838262, 56.1089698], [46.6787806, 56.1069682], [46.6768229, 56.1063458], [46.6753196, 56.1056506], [46.6737759, 56.1052616], [46.6720792, 56.1044258], [46.6699728, 56.1040116], [46.6244392, 56.1235768], [46.5598861, 56.1234403], [46.5146943, 56.1170618], [46.5132616, 56.1243314], [46.5092401, 56.1240146], [46.4926584, 56.1191174], [46.467666, 56.119482], [46.4629245, 56.1178391], [46.4587308, 56.1158539], [46.4427468, 56.1134992], [46.4152139, 56.1296453], [46.3947877, 56.1169913], [46.4084615, 56.1098155], [46.3520903, 56.0961577], [46.2948237, 56.0699598], [46.2466513, 56.0663899], [46.2271416, 56.0586598], [46.2237022, 56.0581245], [46.2210449, 56.0570985], [46.2180537, 56.055992], [46.2147662, 56.0554003], [46.2117208, 56.0527399], [46.2084542, 56.0508085], [46.2077032, 56.0488048], [46.2054921, 56.0484763], [46.202989, 56.045608], [46.2031068, 56.0403702], [46.2032498, 56.0375317], [46.1492101, 56.033901], [46.0844705, 56.0406095], [46.0615731, 56.1231562], [46.098515, 56.1747312], [46.0308812, 56.1658188], [45.9611804, 56.1659166], [45.9484613, 56.1756432], [45.9379148, 56.1875499], [45.9389448, 56.1973222], [45.9234524, 56.2171574], [45.898155, 56.2354746], [45.9263974, 56.2963749], [45.9280836, 56.3143058], [45.9377817, 56.3160879], [45.9390053, 56.3133984], [45.9427576, 56.3150222], [45.943596, 56.3182325], [45.9454684, 56.3164774], [45.9526687, 56.3168343], [45.9565389, 56.3189254], [45.958549, 56.3170622], [45.9700406, 56.3184562], [45.8955437, 56.43427], [45.7181268, 56.45675], [45.6256621, 56.5505982], [45.6690939, 56.6129143]]]]}}, {"type": "Feature", "properties": {"name": "Удмуртия"}, "geometry": {"type": "MultiPolygon", "coordinates": [[[[51.4956783, 56.2090372], [51.4275117, 56.1637693], [51.5601218, 56.1405031], [51.6396314, 56.1355339], [51.6389447, 56.1340124], [51.6393337, 56.1325327], [51.6384888, 56.1315386], [51.6371396, 56.1305357], [51.6359594, 56.1299273], [51.6361928, 56.1286611], [51.6359112, 56.1278942], [51.6363832, 56.1273695], [51.5467852, 56.0829768], [51.478374, 56.0606533], [51.4804917, 56.0522364], [51.40192, 56.0356463], [51.4012761, 56.0241309], [51.3563651, 56.0401727], [51.408572, 56.0027413], [51.410359, 55.9788369], [51.4133933, 55.9651873], [51.4533978, 55.9253318], [51.4714902, 55.914511], [51.4583481, 55.9289936], [51.5002403, 55.9365154], [51.5038464, 55.940278], [51.4991882, 55.9431019], [51.4960957, 55.944661], [51.4894812, 55.9463137], [51.4868233, 55.9506926], [51.4857289, 55.9534333], [51.4850852, 55.9536721], [51.4881751, 55.9577504], [51.4860481, 55.9597053], [51.4991721, 55.9588855], [51.4989871, 55.9544875], [51.5018892, 55.9529497], [51.509394, 55.9522034], [51.5153834, 55.955066], [51.5197259, 55.954531], [51.5433414, 55.9587198], [51.5831243, 55.9605831], [51.6646107, 55.9624322], [51.7088151, 55.9419961], [51.7445146, 55.9772324], [51.7411721, 55.9601556], [51.7247596, 55.9329171], [51.7752182, 55.9403332], [51.7665686, 55.900181], [51.8615759, 55.9478841], [51.9661579, 55.9880956], [52.0658265, 55.9390246], [52.0667846, 55.9309766], [52.0706189, 55.9296397], [52.0727704, 55.9294682], [52.0759975, 55.9286489], [52.0783252, 55.9277593], [52.0810711, 55.9256904], [52.0787597, 55.9254738], [52.0749379, 55.9245647], [52.0713825, 55.9247791], [52.0682209, 55.9232281], [52.0624571, 55.9217157], [52.0569392, 55.9198889], [52.0568542, 55.9159082], [52.0576143, 55.9123671], [52.0564645, 55.910738], [52.0561975, 55.9083566], [52.0695067, 55.9023048], [52.1612054, 55.9215481], [52.1696966, 55.9214938], [52.175046, 55.9220724], [52.1814471, 55.9230908], [52.1867258, 55.9236065], [52.1781529, 55.9453981], [52.2255975, 55.949326], [52.2306893, 55.9483116], [52.2342682, 55.9481126], [52.241046, 55.954083], [52.2444744, 55.9567948], [52.2446477, 55.9598157], [52.24498, 55.9627334], [52.2464969, 55.9651933], [52.2444188, 55.9685523], [52.2414423, 55.9721659], [52.2390584, 55.9753589], [52.2076232, 56.0213997], [52.2101818, 56.0200727], [52.2166472, 56.0205603], [52.2213807, 56.0197584], [52.2258, 56.0186951], [52.2583773, 56.0340223], [52.2678724, 56.0695542], [52.2871919, 56.0632761], [52.3295378, 56.0537695], [52.3802907, 56.0194596], [52.385732, 56.0210437], [52.3916643, 56.0210628], [52.3925212, 56.0238544], [52.3949204, 56.024623], [52.3979729, 56.0259862], [52.3990152, 56.0268425], [52.4037726, 56.0269638], [52.4070514, 56.0303658], [52.4056443, 56.0314887], [52.4101897, 56.0320573], [52.4157124, 56.0360194], [52.4394954, 56.0243905], [52.4437786, 56.0209042], [52.4457456, 56.0170792], [52.4269145, 56.0586035], [52.4286399, 56.0610797], [52.4315265, 56.06285], [52.4338551, 56.0648979], [52.4362048, 56.0666488], [52.4390712, 56.0689606], [52.4415422, 56.0688736], [52.4431272, 56.0683417], [52.4501749, 56.0687653], [52.4496713, 56.0715282], [52.4519458, 56.0741791], [52.4551135, 56.0758434], [52.457198, 56.0778684], [52.4557998, 56.0808129], [52.4706022, 56.0749275], [52.6178692, 56.020026], [52.6955481, 55.9979954], [52.7085263, 55.9977792], [52.7389227, 56.0098697], [52.7454598, 56.0572239], [52.7412345, 56.086353], [52.722728, 56.1190658], [52.8310984, 56.0800547], [52.8830065, 56.1126952], [52.8656921, 56.1661487], [52.7376289, 56.2212474], [52.5853929, 56.221725], [52.5873628, 56.2676399], [52.6586813, 56.2787191], [52.6988717, 56.3302613], [52.7016867, 56.3281794], [52.7087512, 56.3289631], [52.7295767, 56.3381236], [52.7405765, 56.3767174], [52.8247389, 56.381701], [52.9240809, 56.4007959], [52.9457694, 56.4362171], [52.947576, 56.4357961], [52.950927, 56.4348809], [52.9538296, 56.4343872], [52.9565391, 56.432044], [52.9585515, 56.4306979], [52.9620015, 56.4296723], [52.9685179, 56.4597716], [52.9656825, 56.4594051], [52.962459, 56.4579109], [52.9541407, 56.4566872], [52.9503013, 56.4581991], [52.9486372, 56.4606536], [52.9448025, 56.4613598], [52.9418894, 56.4617866], [52.938018, 56.4634335], [52.9331925, 56.4636137], [52.8819989, 56.5005979], [52.9620633, 56.5088109], [52.9475557, 56.5412554], [52.9894494, 56.5346416], [53.0090048, 56.532001], [53.0471251, 56.5409751], [53.0701516, 56.5313165], [53.0819327, 56.5274667], [53.1019486, 56.5201555], [53.1061408, 56.5138334], [53.0893445, 56.4691316], [53.0236445, 56.4459704], [53.0169636, 56.4391725], [53.0092823, 56.4378977], [53.0037464, 56.4318718], [53.0126957, 56.4277595], [52.9838476, 56.386476], [52.9846765, 56.3711657], [52.9790232, 56.3627557], [52.9617831, 56.3540546], [52.97006, 56.3406896], [52.9595401, 56.3413284], [52.9600908, 56.3337439], [52.9736614, 56.3300066], [52.9813807, 56.3267041], [52.9744538, 56.3116947], [52.9579848, 56.3050323], [52.9576139, 56.2958727], [52.9448301, 56.2862555], [52.9813993, 56.2790048], [52.9719549, 56.2371543], [52.9865842, 56.2127454], [52.9961381, 56.211795], [53.0041108, 56.2099428], [53.0156106, 56.2129459], [53.0222416, 56.2043283], [53.0023911, 56.1994307], [53.002962, 56.1887475], [53.0260716, 56.1967051], [53.0523711, 56.2057382], [53.066115, 56.2094912], [53.0561203, 56.1702338], [53.0613855, 56.1737326], [53.0772295, 56.17659], [53.1419624, 56.1611467], [53.1952819, 56.1045223], [53.2812345, 56.0773977], [53.3642043, 56.0767678], [53.3471101, 56.1093312], [53.2998613, 56.2252691], [53.3156292, 56.2538122], [53.4471157, 56.2711956], [53.4944231, 56.2349297], [53.5095608, 56.2350251], [53.5414171, 56.2356196], [53.5453157, 56.2381549], [53.5481292, 56.2382849], [53.5495059, 56.2366897], [53.5551531, 56.2374651], [53.5577065, 56.2364949], [53.5582901, 56.2284342], [53.5591044, 56.2244425], [53.5596304, 56.2215029], [53.5588277, 56.2203972], [53.5576321, 56.2083121], [53.5642301, 56.1388775], [53.5002319, 56.1384683], [53.4996147, 56.1344742], [53.4965158, 56.1235595], [53.4902871, 56.1167153], [53.4803145, 56.1089323], [53.4792285, 56.1056188], [53.4799058, 56.1021619], [53.4728023, 56.098551], [53.4678266, 56.0931612], [53.4555749, 56.0811837], [53.4555368, 56.0774974], [53.4490627, 56.0723073], [53.4403875, 56.0645417], [53.4416717, 56.0496576], [53.362097, 56.0108011], [53.3600317, 56.0057941], [53.3241595, 55.9863079], [53.323986, 55.9818744], [53.3208601, 55.9783997], [53.3103941, 55.965939], [53.3039245, 55.9532532], [53.3148855, 55.9443182], [53.2868742, 55.9442041], [53.2781339, 55.9396919], [53.2692769, 55.9363919], [53.2434441, 55.9383945], [53.2001222, 55.9188222], [53.2176904, 55.8987577], [53.2487992, 55.8844379], [53.2572311, 55.8677263], [53.3443736, 55.8556602], [53.42462, 55.8539525], [53.4208954, 55.8662123], [53.4789974, 55.8767103], [53.6026218, 55.9078135], [53.6828255, 55.9184419], [53.7914984, 55.9717938], [53.8683565, 56.0422779], [54.0642925, 56.0607145], [54.197511, 56.1994442], [54.2788854, 56.2194592], [54.3457005, 56.2472443], [54.3725942, 56.2517995], [54.3867, 56.2551348], [54.3949887, 56.2619141], [54.3966593, 56.2694639], [54.3918737, 56.2718522], [54.391396, 56.2773524], [54.3986006, 56.2840496], [54.39667, 56.2872581], [54.3923638, 56.2925865], [54.3987715, 56.2938089], [54.4023435, 56.2986685], [54.4114519, 56.3032519], [54.4198953, 56.3085285], [54.3712091, 56.3628492], [54.3446293, 56.4562459], [54.1238294, 56.5361726], [54.0503866, 56.6380538], [53.8917701, 56.5945114], [53.8849682, 56.6625326], [53.8405252, 56.8167277], [53.9578579, 56.7550014], [54.0582773, 56.7882216], [54.0996975, 56.8541599], [54.151229, 56.9587754], [54.3193618, 56.9706805], [54.3449727, 57.0698558], [54.3166469, 57.1185409], [54.3307203, 57.2093038], [54.321345, 57.2226724], [54.1854698, 57.3116314], [54.2924748, 57.4325295], [54.1704401, 57.5016297], [54.0394367, 57.5316474], [53.9953184, 57.5760435], [54.1173904, 57.6199913], [54.0665048, 57.6824287], [54.1535245, 57.7110843], [54.1499696, 57.7806951], [54.1290843, 57.8628915], [54.1325454, 57.9589391], [53.9364402, 58.1062669], [53.8263898, 58.2101458], [53.8478124, 58.344488], [53.7725752, 58.4206437], [53.5962131, 58.443574], [53.4120434, 58.400452], [53.2480198, 58.4437352], [52.9364328, 58.5338261], [52.9052756, 58.5358007], [52.7676115, 58.399538], [52.3278577, 58.4358071], [51.9002546, 58.4090121], [51.816782, 58.3732909], [51.8146414, 58.371931], [51.8136657, 58.369722], [51.8084111, 58.3683141], [51.8034147, 58.3670917], [51.7981548, 58.3643788], [51.7976714, 58.3624958], [51.793125, 58.3624255], [51.7886196, 58.3620255], [51.8028934, 58.3585321], [51.8252493, 58.3288809], [51.8126635, 58.3220349], [51.8100875, 58.3190649], [51.8108573, 58.3160324], [51.815964, 58.3107635], [51.8191618, 58.3076214], [51.8156679, 58.3039502], [51.8158545, 58.3015704], [51.8142619, 58.3004397], [51.8125418, 58.3005699], [51.8145131, 58.2988716], [51.8149422, 58.2971993], [51.814217, 58.2949415], [51.8152237, 58.2898215], [51.8195763, 58.2870667], [51.8141678, 58.284853], [51.8001823, 58.2827084], [51.7871542, 58.2797973], [51.7768425, 58.2734913], [51.7665977, 58.2669044], [51.7538954, 58.2610483], [51.7276308, 58.244998], [51.7431417, 58.220106], [51.7426805, 58.2152448], [51.7382692, 58.2132604], [51.7354643, 58.2118162], [51.7298514, 58.2085397], [51.7281994, 58.2059087], [51.7227596, 58.204153], [51.7220378, 58.2022939], [51.7193977, 58.1985394], [51.7203543, 58.195852], [51.7159606, 58.1936704], [51.7116061, 58.1908866], [51.7063038, 58.1876537], [51.6982898, 58.1854159], [51.695406, 58.18266], [51.6894498, 58.1772705], [51.6851657, 58.1710412], [51.6859466, 58.1649899], [51.6869893, 58.1614831], [51.6865198, 58.1573047], [51.6810145, 58.1512371], [51.6985116, 58.1481412], [51.7223569, 58.1393284], [51.8342455, 58.0609052], [51.8655139, 57.9276495], [51.8722353, 57.8283916], [51.9093067, 57.8300934], [51.9481128, 57.7644596], [51.874149, 57.6933112], [51.8155268, 57.6055786], [51.8253737, 57.5896137], [51.8284488, 57.5944858], [51.8239277, 57.5979605], [51.8364738, 57.580969], [51.8371315, 57.5758917], [51.7167695, 57.525267], [51.4004219, 57.4682121], [51.1241646, 57.2432772], [51.225763, 57.0824966], [51.3476396, 56.9620159], [51.3530872, 56.9413869], [51.3791137, 56.93915], [51.4085108, 56.9386916], [51.4045923, 56.9138355], [51.4867688, 56.8936037], [51.5132636, 56.8656595], [51.3913736, 56.7489873], [51.1369614, 56.5257473], [51.1859489, 56.4297782], [51.2862046, 56.3562282], [51.3812388, 56.2226429], [51.4554955, 56.2204051]], [[53.0768062, 56.1939692], [53.0795376, 56.1913856], [53.0725986, 56.1882112], [53.0708269, 56.1891709], [53.0683171, 56.1881374], [53.0628543, 56.1907948], [53.0627065, 56.1934523], [53.07186, 56.1986198], [53.0731889, 56.1953718], [53.0768062, 56.1939692]], [[53.090167, 56.2082166], [53.0968114, 56.1947077], [53.0905368, 56.1910905], [53.0883222, 56.1919763], [53.0865505, 56.1929359], [53.0856646, 56.1939694], [53.085886, 56.1951505], [53.0824163, 56.1975865], [53.0824901, 56.1985461], [53.0872884, 56.1996535], [53.0878789, 56.2006132], [53.084114, 56.2031968], [53.0835233, 56.2044517], [53.0849259, 56.2057067], [53.088543, 56.206814], [53.090167, 56.2082166]], [[52.1987539, 56.0635907], [52.1981792, 56.0632013], [52.2005389, 56.0597328], [52.2017802, 56.0599119], [52.2051924, 56.0579614], [52.2066364, 56.0567496], [52.2080949, 56.0565949], [52.208909, 56.0561476], [52.2085832, 56.0555881], [52.2061601, 56.0535627], [52.2050475, 56.0519797], [52.2012495, 56.0477869], [52.2016643, 56.0475625], [52.2017862, 56.0467198], [52.2014221, 56.0462499], [52.2043326, 56.044964], [52.208147, 56.0482226], [52.2143342, 56.0527775], [52.2151322, 56.0556428], [52.21681, 56.0559445], [52.2175959, 56.0558841], [52.2182692, 56.0547913], [52.2191586, 56.0545214], [52.2202199, 56.0539573], [52.2216885, 56.0538714], [52.2223992, 56.0531914], [52.2241989, 56.0529029], [52.2242585, 56.0521617], [52.2252033, 56.051268], [52.2262854, 56.0509531], [52.2261939, 56.0505446], [52.2243195, 56.0483691], [52.2268547, 56.0475117], [52.2281386, 56.0484464], [52.2260111, 56.0486637], [52.2255363, 56.048892], [52.2264225, 56.0493275], [52.2271388, 56.0505787], [52.2274464, 56.052061], [52.2258891, 56.0533957], [52.2248781, 56.0553576], [52.2234709, 56.0558319], [52.2222809, 56.0555324], [52.2223102, 56.0562622], [52.2272256, 56.0567063], [52.2291639, 56.0565226], [52.2298096, 56.0565042], [52.2299628, 56.0565574], [52.2301253, 56.0571422], [52.2300949, 56.0571754], [52.2299887, 56.0572121], [52.2293099, 56.0573491], [52.2288641, 56.0574128], [52.2259231, 56.0583176], [52.2257673, 56.0583087], [52.2256914, 56.0584024], [52.2245289, 56.0585696], [52.2247619, 56.0588506], [52.2238936, 56.059076], [52.22382, 56.0591532], [52.2257505, 56.061177], [52.2256818, 56.0625606], [52.22537, 56.0635789], [52.2255575, 56.0646276], [52.2230833, 56.0684374], [52.2225103, 56.0696215], [52.2215176, 56.0701913], [52.2217153, 56.0710481], [52.2221153, 56.0736133], [52.2203934, 56.0733446], [52.2063551, 56.0727333], [52.2094194, 56.066819], [52.213636, 56.0661649], [52.2133212, 56.0647379], [52.212631, 56.0647195], [52.2117795, 56.0627753], [52.2035413, 56.064737], [52.2031664, 56.064347], [52.2023243, 56.0649544], [52.2027607, 56.0667247], [52.2006661, 56.0675617], [52.2006976, 56.0670106], [52.2008842, 56.0667903], [52.2008519, 56.0665826], [52.2008387, 56.0662427], [52.2009346, 56.0660634], [52.2011106, 56.0659632], [52.2011885, 56.0658307], [52.2011016, 56.0656481], [52.2010119, 56.0654982], [52.200982, 56.0653694], [52.2008539, 56.0652645], [52.200802, 56.0651735], [52.2007063, 56.0649879], [52.2006517, 56.0649089], [52.2005032, 56.0648353], [52.2003035, 56.0648263], [52.2001268, 56.0648587], [52.1997025, 56.0651345], [52.1995587, 56.0650783], [52.1992231, 56.0647112], [52.1991684, 56.0644245], [52.1989233, 56.0643427], [52.1987363, 56.0642242], [52.1987496, 56.0641016], [52.1986278, 56.0640011], [52.1986889, 56.0638789], [52.1986535, 56.0637121], [52.1987539, 56.0635907]]], [[[54.0766676, 56.641089], [54.0763771, 56.640808], [54.0692738, 56.6402176], [54.0614697, 56.640362], [54.0507751, 56.6418071], [54.0441272, 56.642096], [54.0360341, 56.6406507], [54.0266404, 56.6358814], [54.0145011, 56.626632], [54.0003384, 56.6194059], [53.9928235, 56.6162263], [53.9886323, 56.6172379], [53.9828516, 56.6156481], [53.9770708, 56.6143474], [53.9756258, 56.6108789], [53.9743251, 56.6092891], [53.9701341, 56.6090001], [53.9665212, 56.6058206], [53.961174, 56.6037972], [53.9571275, 56.6027855], [53.9517802, 56.60293], [53.9481672, 56.6026409], [53.9423864, 56.6014847], [53.939207, 56.6016291], [53.9337151, 56.6032188], [53.9311137, 56.6037968], [53.9285124, 56.6027852], [53.9260556, 56.6011954], [53.9231652, 56.6010509], [53.9209974, 56.6014844], [53.9103029, 56.6010507], [53.9006201, 56.600617], [53.8874687, 56.6006168], [53.872005, 56.6009057], [53.8708481, 56.6009057], [53.8669468, 56.6009056], [53.8532174, 56.5998938], [53.8510493, 56.6053855], [53.8478696, 56.6114553], [53.8426666, 56.6175251], [53.8513377, 56.6198375], [53.8602981, 56.6176698], [53.8725823, 56.6199823], [53.8725822, 56.621283], [53.8751835, 56.6237398], [53.8785074, 56.6237399], [53.8824094, 56.6259077], [53.8811083, 56.6364576], [53.8893455, 56.645707], [53.9233077, 56.6496095], [53.9322682, 56.6432507], [53.9459754, 56.6463114], [53.9624736, 56.6287992], [53.9753358, 56.6334239], [53.9811166, 56.6335685], [53.9871858, 56.6483096], [54.0072732, 56.6696627], [54.0136319, 56.6744319], [54.0181123, 56.6692293], [54.0246156, 56.6721197], [54.0222724, 56.6564155], [54.0565553, 56.6555365], [54.0956816, 56.6549678], [54.0897742, 56.6502742], [54.0813939, 56.6461031], [54.0769959, 56.6414374], [54.0766676, 56.641089]]]]}}, {"type": "Feature", "properties": {"name": "Пермский край"}, "geometry": {"type": "MultiPolygon", "coordinates": [[[[51.8923123, 60.8815431], [52.4426151, 60.186602], [53.6852396, 60.0018952], [53.6437425, 59.8015093], [53.3991521, 59.5751462], [53.223284, 59.3381523], [53.3980352, 59.1611399], [53.5558493, 59.1510064], [53.7713133, 59.1478842], [53.7531854, 58.9652557], [53.831726, 58.8280904], [53.7819523, 58.722463], [53.7544278, 58.6657135], [53.8179936, 58.3839725], [53.8852338, 58.1642726], [54.1207573, 57.9484814], [54.1116527, 57.7411496], [54.0766093, 57.6406628], [54.0516439, 57.528055], [54.2741075, 57.4260492], [54.3402894, 57.2171891], [54.2958046, 57.1104171], [54.2033075, 56.9898366], [54.0609995, 56.7937757], [53.8660128, 56.8102026], [53.8856665, 56.5947603], [54.1412664, 56.5321458], [54.3996971, 56.3777431], [54.4128215, 56.3776496], [54.4148511, 56.3749873], [54.4198334, 56.3706977], [54.418229, 56.366071], [54.4182108, 56.3627827], [54.4235027, 56.3609421], [54.4289515, 56.3598771], [54.4331626, 56.3574793], [54.4361824, 56.3554312], [54.4371125, 56.3530068], [54.4387701, 56.3498523], [54.4418378, 56.3481234], [54.4487727, 56.3475737], [54.4527375, 56.3499483], [54.4553137, 56.3530198], [54.4582122, 56.3590806], [54.4503274, 56.3629686], [54.4440645, 56.3672114], [54.4456907, 56.374432], [54.4511214, 56.3746031], [54.4550856, 56.3805361], [54.4585795, 56.3825899], [54.4583946, 56.3875008], [54.4618389, 56.3913257], [54.4656964, 56.3945032], [54.463053, 56.3969027], [54.4605171, 56.4014513], [54.4657065, 56.4030645], [54.4728053, 56.4047102], [54.4767388, 56.4074153], [54.4862827, 56.4102808], [54.4873972, 56.415938], [54.490827, 56.422799], [54.4908726, 56.4269782], [54.4920909, 56.4314024], [54.4885241, 56.4348212], [54.4929254, 56.4394564], [54.4864606, 56.4420849], [54.4860538, 56.4460815], [54.4944158, 56.4498383], [54.4994558, 56.4540423], [54.5017017, 56.4591997], [54.5075502, 56.4638338], [54.5163367, 56.4647356], [54.5200994, 56.4676217], [54.5233157, 56.4721972], [54.5212636, 56.4756803], [54.5227539, 56.4790326], [54.5239775, 56.4844801], [54.5322841, 56.4870121], [54.5337083, 56.4908406], [54.5328123, 56.4953443], [54.5382293, 56.4984633], [54.5336486, 56.5005127], [54.5333072, 56.5045598], [54.5366138, 56.5082388], [54.5367415, 56.5123302], [54.537673, 56.514557], [54.5426387, 56.5172136], [54.544767, 56.5195291], [54.5521062, 56.5181712], [54.55919, 56.5244826], [54.6261963, 56.5071959], [54.6826562, 56.5007724], [54.6937396, 56.469685], [54.7112136, 56.4579025], [54.7266907, 56.4389126], [54.7929307, 56.4354164], [54.7965394, 56.4323144], [54.7922323, 56.4287513], [54.8384636, 56.407001], [54.8650343, 56.4001786], [54.8697619, 56.3922344], [54.8946829, 56.3873945], [54.9457083, 56.3376159], [54.9761913, 56.3359739], [54.9828212, 56.3266897], [54.9927531, 56.3256469], [55.0036866, 56.3281947], [55.0102219, 56.320634], [55.0269848, 56.3258116], [55.027845, 56.3330994], [55.0205138, 56.3357962], [55.0225398, 56.3420455], [55.0383344, 56.3425509], [55.0445717, 56.3401012], [55.0520236, 56.3432383], [55.0621951, 56.3421931], [55.0726627, 56.337325], [55.0734737, 56.3403185], [55.0772268, 56.3455483], [55.0913604, 56.3483047], [55.1020496, 56.3469923], [55.1069245, 56.352002], [55.1178689, 56.3515152], [55.1193114, 56.3502961], [55.1223398, 56.3478564], [55.1253373, 56.3464753], [55.1304679, 56.3457808], [55.1329031, 56.3440708], [55.1351564, 56.3432714], [55.1370772, 56.3414702], [55.1390072, 56.3377959], [55.140921, 56.3354281], [55.1390839, 56.3332871], [55.1390508, 56.3310813], [55.1401077, 56.3293451], [55.1413913, 56.3263065], [55.1444203, 56.3220355], [55.144171, 56.3198166], [55.1433163, 56.3178465], [55.1409397, 56.3145109], [55.1962966, 56.3130602], [55.1910375, 56.3470086], [55.2072963, 56.37146], [55.2151318, 56.361238], [55.2592501, 56.3342538], [55.2599189, 56.3306883], [55.2606696, 56.3286387], [55.2651975, 56.326642], [55.2739691, 56.3243867], [55.2797933, 56.3217485], [55.2860535, 56.3202789], [55.2921104, 56.3202054], [55.2984841, 56.3199692], [55.3016584, 56.3207285], [55.3073288, 56.3203823], [55.3145704, 56.3188845], [55.3181547, 56.3175405], [55.3215379, 56.3160471], [55.3252825, 56.312775], [55.4567454, 56.3321472], [55.466199, 56.3368308], [55.4727168, 56.3414209], [55.4795584, 56.3461087], [55.4848331, 56.3498693], [55.4959081, 56.3563923], [55.5078711, 56.3615681], [55.5116628, 56.3674965], [55.5165563, 56.3720671], [55.5192107, 56.3768092], [55.5231462, 56.3806795], [55.530655, 56.3803045], [55.5350528, 56.3796088], [55.5393688, 56.3808007], [55.680946, 56.409197], [55.7101541, 56.4358221], [55.7164962, 56.435547], [55.719888, 56.4354091], [55.7223843, 56.4349158], [55.7274273, 56.4351774], [55.7339233, 56.4348484], [55.7407366, 56.433137], [55.8122994, 56.4291169], [55.8774322, 56.440325], [55.9237549, 56.4358444], [55.9284286, 56.4302258], [55.9305399, 56.4230191], [55.9384909, 56.4115434], [55.9415271, 56.4097273], [55.9464847, 56.4048181], [55.9474687, 56.3993995], [55.9462384, 56.3947485], [55.9425295, 56.3909914], [55.942744, 56.3877288], [55.9456188, 56.3864777], [55.9494259, 56.3827892], [55.9510722, 56.3790729], [55.9514713, 56.3754866], [55.9525089, 56.3737677], [55.9539292, 56.372914], [55.9567057, 56.3710533], [55.9582038, 56.3693475], [55.9616644, 56.3691127], [55.9640815, 56.368577], [55.9659537, 56.3680549], [55.9683214, 56.3678419], [55.9725647, 56.3670818], [55.9767353, 56.3656805], [55.9775832, 56.3615359], [55.9806094, 56.3599473], [55.9850607, 56.3582656], [55.9854442, 56.356305], [55.9883905, 56.3543495], [55.9924635, 56.3532056], [55.9979405, 56.3512385], [56.0018747, 56.3490621], [56.0057229, 56.3462769], [56.0083218, 56.3444067], [56.0140895, 56.3429269], [56.0152094, 56.3413139], [56.0791667, 56.2952602], [56.1127766, 56.2961295], [56.1141176, 56.2997605], [56.1217274, 56.299517], [56.1251897, 56.3032199], [56.1213432, 56.3080764], [56.2234444, 56.3249931], [56.2850413, 56.306105], [56.2822265, 56.3074413], [56.2812895, 56.3122384], [56.2833406, 56.313824], [56.2821401, 56.3148403], [56.2850593, 56.3161437], [56.2904805, 56.3164362], [56.2950295, 56.3182072], [56.2926796, 56.3203513], [56.2971679, 56.3278068], [56.3043646, 56.3335134], [56.3142705, 56.3381751], [56.3199916, 56.345339], [56.3719175, 56.3633813], [56.365801, 56.3889528], [56.3714559, 56.3909102], [56.376451, 56.3933543], [56.3843731, 56.3962286], [56.3952593, 56.3996913], [56.4016365, 56.4031632], [56.4072725, 56.4037996], [56.4880049, 56.388513], [56.4936215, 56.3823194], [56.5001164, 56.378774], [56.5039243, 56.3763326], [56.5067768, 56.3772999], [56.5331725, 56.3612073], [56.5345698, 56.3560786], [56.5338298, 56.3500325], [56.5168217, 56.3318759], [56.5914859, 56.2787213], [56.6258766, 56.2639468], [56.6521943, 56.2615184], [56.6549219, 56.2582736], [56.6513258, 56.256333], [56.6482503, 56.2534149], [56.6422736, 56.251039], [56.641038, 56.2477254], [56.6522065, 56.2469838], [56.6536279, 56.2452054], [56.6547976, 56.2412214], [56.6485252, 56.2420473], [56.6529951, 56.2336874], [56.6668374, 56.2322774], [56.744819, 56.2228145], [56.7567804, 56.2185211], [56.8520131, 56.1643361], [56.8567262, 56.1583993], [56.8626897, 56.1526142], [56.8662555, 56.1440778], [56.8675748, 56.1369298], [56.8696348, 56.1341509], [56.872679, 56.1266359], [56.8776059, 56.115969], [56.8824307, 56.112537], [56.8921747, 56.1119622], [56.9068782, 56.111077], [56.9715441, 56.1248499], [56.9748451, 56.1243846], [56.9779766, 56.1237929], [56.9820793, 56.124932], [56.9874896, 56.127145], [56.9910627, 56.1302136], [56.9949912, 56.1319013], [57.0016274, 56.1325546], [57.0040619, 56.1336079], [57.006728, 56.1359914], [57.0555052, 56.1548335], [57.0635071, 56.1584004], [57.1454065, 56.165637], [57.1682733, 56.1620051], [57.1825256, 56.1690107], [57.2049003, 56.1940683], [57.2054499, 56.2342617], [57.1961068, 56.2462311], [57.2791891, 56.2725932], [57.3514559, 56.3311644], [57.3989713, 56.3382105], [57.4070126, 56.3397446], [57.362675, 56.494859], [57.392301, 56.59894], [57.395031, 56.687554], [57.347916, 56.703838], [57.346194, 56.705196], [57.344955, 56.706587], [57.343663, 56.70758], [57.343338, 56.7104], [57.317864, 56.723784], [57.32281, 56.727444], [57.329607, 56.732666], [57.334792, 56.738602], [57.34123, 56.741705], [57.29638, 56.77707], [57.243422, 56.879401], [57.350699, 56.937585], [57.417583, 56.948608], [57.666973, 56.935838], [57.786192, 56.980621], [57.783759, 56.985463], [57.782969, 56.988119], [57.811203, 56.968138], [57.951314, 57.062422], [57.96428, 57.042988], [58.054514, 57.103302], [58.044724, 57.108283], [58.039156, 57.110078], [58.032756, 57.111731], [58.026869, 57.187896], [58.011931, 57.214685], [58.029084, 57.234322], [58.019959, 57.252577], [58.000377, 57.28472], [57.94973, 57.29363], [57.988421, 57.551314], [58.027691, 57.567066], [58.11503, 57.634392], [58.124267, 57.686142], [58.322147, 57.677366], [58.462422, 57.596118], [58.842374, 57.719732], [58.732146, 57.88781], [58.669717, 57.92983], [58.665682, 57.950102], [58.616386, 58.01579], [58.684065, 58.1141], [59.137126, 58.260624], [59.254785, 58.350213], [59.447767, 58.490392], [59.397912, 58.706471], [59.333334, 58.696987], [59.32067, 58.695965], [59.300812, 58.696311], [59.261635, 58.712924], [59.080931, 58.840177], [59.169205, 58.914785], [59.17134, 58.921317], [59.181306, 58.92798], [59.177642, 59.153964], [58.886604, 59.236458], [58.662936, 59.278429], [58.548642, 59.398061], [58.442568, 59.463215], [58.447678, 59.640123], [58.630949, 59.742007], [58.828045, 59.905258], [58.97982, 59.957307], [58.974249, 59.972128], [58.966045, 59.979322], [58.973316, 59.984173], [58.987574, 59.987136], [58.998737, 59.994184], [59.016007, 60.008599], [59.081857, 60.124942], [59.153683, 60.253703], [59.1746358, 60.3504049], [59.207366, 60.406027], [59.223892, 60.447143], [59.363901, 60.542475], [59.413738, 60.620991], [59.4195357, 60.6898648], [59.437979, 60.767133], [59.4739966, 60.8977176], [59.374041, 61.009335], [59.349464, 61.075357], [59.289971, 61.176115], [59.266549, 61.234533], [59.259618, 61.301782], [59.336185, 61.372947], [59.435715, 61.409154], [59.418665, 61.47296], [59.413297, 61.554679], [59.378511, 61.626219], [59.2015056, 61.6394473], [59.0709826, 61.5539029], [59.0483092, 61.5363941], [58.973993, 61.522035], [56.2857242, 61.2116321], [55.2212351, 61.0356802], [53.8279426, 60.8668479], [53.2583115, 61.0509656]], [[52.3658506, 60.7992585], [52.366036, 60.7990912], [52.3663332, 60.7988675], [52.3666293, 60.7986841], [52.3672339, 60.7983517], [52.3677155, 60.7981086], [52.3678468, 60.7980127], [52.3694368, 60.7961364], [52.3645628, 60.7950889], [52.36021, 60.7941879], [52.3585331, 60.7929038], [52.3634918, 60.7920044], [52.3654657, 60.7943435], [52.369722, 60.7941478], [52.3692624, 60.7932821], [52.3691933, 60.7930954], [52.3691696, 60.7928785], [52.3692727, 60.7926676], [52.3693634, 60.7924975], [52.3693982, 60.7923514], [52.3693517, 60.7922162], [52.3692402, 60.7920968], [52.3691405, 60.7919053], [52.369051, 60.7916792], [52.3689616, 60.7914252], [52.3689047, 60.7910721], [52.3688799, 60.7908528], [52.3689265, 60.7906899], [52.3689349, 60.7906546], [52.3690818, 60.7900903], [52.369148, 60.7897521], [52.3693867, 60.7896789], [52.3712101, 60.7890847], [52.3713848, 60.7890635], [52.3740192, 60.7888442], [52.3744157, 60.7888002], [52.374637, 60.7892952], [52.3750253, 60.7904312], [52.3752506, 60.7913011], [52.3752301, 60.791536], [52.3752506, 60.791906], [52.3759575, 60.795815], [52.3761256, 60.7960127], [52.3790086, 60.7958319], [52.3792752, 60.7968834], [52.3799234, 60.7994395], [52.3770582, 60.7996122], [52.3759882, 60.8003933], [52.3762238, 60.8017276], [52.3767053, 60.8024972], [52.3777727, 60.804574], [52.3780099, 60.8050585], [52.378262, 60.8056877], [52.3785141, 60.8063606], [52.377668, 60.8064871], [52.3770461, 60.8066904], [52.3761405, 60.8060946], [52.3758217, 60.8059951], [52.3730059, 60.8055879], [52.3728482, 60.8057816], [52.3705635, 60.8055397], [52.3703721, 60.8058847], [52.3693453, 60.8058917], [52.3687059, 60.8067185], [52.3665679, 60.8065591], [52.3660695, 60.8067889], [52.3644614, 60.8065308], [52.3642091, 60.8063614], [52.3630267, 60.8061247], [52.3629173, 60.805859], [52.3625076, 60.8058451], [52.3622366, 60.8058696], [52.362076, 60.8058953], [52.3613828, 60.8059783], [52.3612223, 60.8055844], [52.3611955, 60.8052938], [52.3613115, 60.804932], [52.3631282, 60.8026289], [52.3618874, 60.8024113], [52.3618698, 60.8022783], [52.3617906, 60.8019013], [52.3616809, 60.8017392], [52.3615433, 60.8015856], [52.3612498, 60.8013027], [52.3611406, 60.8011774], [52.3610673, 60.8010488], [52.3609739, 60.8008938], [52.3609029, 60.8007347], [52.3608346, 60.8005473], [52.3607828, 60.8002633], [52.3608203, 60.8000893], [52.3608477, 60.7999506], [52.3609401, 60.7997769], [52.3610821, 60.7996636], [52.3612886, 60.7995817], [52.3615726, 60.7995439], [52.3619211, 60.799525], [52.3623986, 60.7995502], [52.3631085, 60.7996699], [52.3633925, 60.7997706], [52.363599, 60.7998839], [52.3636893, 60.7999532], [52.3639087, 60.800054], [52.3641411, 60.8001043], [52.3644379, 60.800098], [52.3646444, 60.8000603], [52.3647477, 60.8000288], [52.3648903, 60.7999325], [52.3650804, 60.7997852], [52.3651799, 60.799716], [52.3652477, 60.7996769], [52.3653278, 60.7996408], [52.3654389, 60.7995875], [52.3655537, 60.7995045], [52.3656806, 60.7994102], [52.3658506, 60.7992585]], [[51.978523, 60.6390457], [51.9769736, 60.6363687], [51.9768997, 60.6359154], [51.9790495, 60.6333742], [51.9797233, 60.6333593], [51.9815579, 60.6296823], [51.9825863, 60.6298832], [51.9835468, 60.6286367], [51.9830053, 60.6282687], [51.9839556, 60.627588], [51.9846117, 60.6270284], [51.9848525, 60.62491], [51.9857489, 60.6244065], [51.9879907, 60.624287], [51.9984825, 60.6270959], [52.0010596, 60.6276879], [52.0012466, 60.6280348], [52.0017277, 60.6280989], [52.0010071, 60.6290396], [52.0017848, 60.6292016], [52.0016448, 60.6295111], [51.9999887, 60.6295056], [51.999109, 60.6303632], [51.998656, 60.6302529], [51.99775, 60.6310961], [51.9952478, 60.6305584], [51.9947049, 60.6310906], [51.9930913, 60.631154], [51.9927193, 60.6319504], [51.9925479, 60.6341961], [51.9944939, 60.6346388], [51.9956093, 60.6352717], [51.9937162, 60.6364549], [51.9937028, 60.6372263], [51.99218, 60.6374295], [51.9920939, 60.6376923], [51.9923247, 60.6384046], [51.9912247, 60.6393775], [51.9854997, 60.6382641], [51.9850488, 60.6382221], [51.9845854, 60.6382107], [51.9841525, 60.6382212], [51.9836102, 60.6382475], [51.983207, 60.6383012], [51.9827922, 60.6384022], [51.9823553, 60.6385251], [51.9820036, 60.6386606], [51.9816749, 60.6387896], [51.9814654, 60.6389379], [51.9813156, 60.6390695], [51.9811691, 60.6392242], [51.9810465, 60.6393833], [51.9809547, 60.6395595], [51.9808507, 60.639741], [51.980317, 60.6397898], [51.9793253, 60.6389923], [51.978523, 60.6390457]], [[52.0604387, 60.7177629], [52.0602282, 60.7212855], [52.0546993, 60.7253155], [52.0549153, 60.7306618], [52.051253, 60.734045], [52.0470437, 60.7332542], [52.042651, 60.7354859], [52.0397816, 60.7369711], [52.0337995, 60.7363215], [52.0310219, 60.7377848], [52.0250338, 60.7369584], [52.0194722, 60.7375233], [52.0145759, 60.7375415], [52.0165294, 60.7338042], [52.0300359, 60.7307761], [52.0348308, 60.7302004], [52.034813, 60.7295987], [52.0338513, 60.7288542], [52.032743, 60.7283113], [52.033017, 60.7271118], [52.0325222, 60.7268521], [52.0328299, 60.7262402], [52.0365037, 60.722629], [52.0381916, 60.7219175], [52.039854, 60.7217773], [52.0447292, 60.7213487], [52.0448596, 60.7194275], [52.0509345, 60.7196041], [52.0528729, 60.7176846], [52.0555457, 60.716887], [52.0575144, 60.7165592], [52.0584081, 60.7161767], [52.0588492, 60.7160247], [52.0604387, 60.7177629]], [[54.0766676, 56.641089], [54.0763771, 56.640808], [54.0692738, 56.6402176], [54.0614697, 56.640362], [54.0507751, 56.6418071], [54.0441272, 56.642096], [54.0360341, 56.6406507], [54.0266404, 56.6358814], [54.0145011, 56.626632], [54.0003384, 56.6194059], [53.9928235, 56.6162263], [53.9886323, 56.6172379], [53.9828516, 56.6156481], [53.9770708, 56.6143474], [53.9756258, 56.6108789], [53.9743251, 56.6092891], [53.9701341, 56.6090001], [53.9665212, 56.6058206], [53.961174, 56.6037972], [53.9571275, 56.6027855], [53.9517802, 56.60293], [53.9481672, 56.6026409], [53.9423864, 56.6014847], [53.939207, 56.6016291], [53.9337151, 56.6032188], [53.9311137, 56.6037968], [53.9285124, 56.6027852], [53.9260556, 56.6011954], [53.9231652, 56.6010509], [53.9209974, 56.6014844], [53.9103029, 56.6010507], [53.9006201, 56.600617], [53.8874687, 56.6006168], [53.872005, 56.6009057], [53.8708481, 56.6009057], [53.8669468, 56.6009056], [53.8532174, 56.5998938], [53.8510493, 56.6053855], [53.8478696, 56.6114553], [53.8426666, 56.6175251], [53.8513377, 56.6198375], [53.8602981, 56.6176698], [53.8725823, 56.6199823], [53.8725822, 56.621283], [53.8751835, 56.6237398], [53.8785074, 56.6237399], [53.8824094, 56.6259077], [53.8811083, 56.6364576], [53.8893455, 56.645707], [53.9233077, 56.6496095], [53.9322682, 56.6432507], [53.9459754, 56.6463114], [53.9624736, 56.6287992], [53.9753358, 56.6334239], [53.9811166, 56.6335685], [53.9871858, 56.6483096], [54.0072732, 56.6696627], [54.0136319, 56.6744319], [54.0181123, 56.6692293], [54.0246156, 56.6721197], [54.0222724, 56.6564155], [54.0565553, 56.6555365], [54.0956816, 56.6549678], [54.0897742, 56.6502742], [54.0813939, 56.6461031], [54.0769959, 56.6414374], [54.0766676, 56.641089]]]]}}]}